,title,body,label
0,Cần người phản hồi cho các bài viết trên Quảcầu.com,"Mình có một chị có uy tín trong ngành xuất bản nói là những bài mình viết chủ đề chưa cuốn hút, lối viết không có gì đặc sắc, phân tích hay phản biện chưa có gì mới mẻ, bất ngờ, gây thú vị, trong khi mình lại thấy rất nhiều người lại rất hứng thú với nó. Có người còn dịch cả mấy bài tiếng Anh của mình sang tiếng Việt nữa (chính là cái anh dịch cuốn *Cuộc cách mạng một cọng rơm*). Vậy, nếu các bạn cảm thấy bài của mình không có gì đặc sắc, không phù hợp với bạn, thì có thể cho mình xin ý kiến phản hồi không? Kể cả khi bạn thấy nó hay, thì cứ giả sử là bạn đang bới lông tìm vết nó để xem nó dở chỗ nào? Ở dưới là một số bài viết của mình. Mình cảm ơn các bạn nhiều.

***
 
## [Tranh luận hiền hòa][1]
*Ai tham gia tranh luận cũng mong suy nghĩ của mình giúp ích được cho người khác, chứ không mong áp đặt người khác phải theo ý mình. Tuy nhiên, có những lúc dù cả hai rất cố gắng để nói cho nhau nghe, nhưng hiểu nhầm vẫn cứ xuất hiện, rồi cuối cùng cả hai lại cáu gắt với nhau. Bài viết trình bày một số khái niệm để việc tự soi chiếu bản thân được dễ dàng hơn. Chúng đều là những khái niệm trong tâm lý học xã hội và tâm lý học nhận thức.*   
 
##[Con mắt lạnh như băng][2]   
  
*Bài viết dành cho những ai biết mình cần phải thay đổi, nhưng gom mãi mà không đủ quyết tâm. Hoặc cho những ai biết mình cần phải thoát ra khỏi sự sợ hãi hoặc ảo tưởng, nhưng không biết làm sao để cắt đứt chúng.*   
 
## [Khi đạo sĩ gặp rối loạn tâm lý][3]   
  
*Cách tư duy của Đạo gia là cách tư duy dựa trên sự biến đổi nghĩa của từ. Chính vì khả năng biến đổi nghĩa của từ mà nó có thể chỉ ra khi nào tốt hóa thành xấu, và xấu hóa thành tốt. Nhưng khi quá trình chú ý và ghi nhớ bước vào, thì sẽ gây ra nhiều hiểu lầm đáng tiếc trong việc thực hành nó, khiến cho những gì họ nói chỉ là thiên kiến xác nhận.*

 
## [Phản biện cuốn *Cuộc cách mạng một cọng rơm*][4]   
  
*Những lý giải tại sao những chỉ trích của cuốn sách này về khoa học vừa oan uổng lại vừa rất hợp lý. Và tại sao những chỉ trích vào những chỉ trích của nó cũng vừa rất oan uổng và cũng rất hợp lý.*

 
##[Rắc rối của từ  bi][5]
*Không thiếu những câu chuyện lay động về sự giúp đỡ vô vụ lợi và thật sự biết lắng nghe người khác. Nhưng dường như chưa có ai nói về những đào sâu suy tư và những biến đổi tâm lý của một người từ bi, cũng như những yêu cầu khắc nghiệt và mâu thuẫn nhau để họ có thể mạnh dạn nói rằng điều họ làm xuất phát từ lòng từ bi. Đặc biệt trong trường hợp ngặt nghèo nhất: người từ bi chưa hiểu được tại sao người kia lại làm như vậy (tức chưa có một cơ sở lý thuyết cho trực giác của mình), và người được từ bi có định kiến sẵn với họ. Đáng tiếc, đây có lẽ mới là trường hợp phổ biến trong xã hội nhất, và việc không có câu chuyện nào đề cập đến những vấn đề này làm cho chúng chỉ là những câu chuyện lý tưởng mà thôi.*

\***

Tất cả các bài này đều xoay quanh một chủ đề: **lật lại giả định ngầm = biến đổi nghĩa của từ = thay đổi góc nhìn**. Nền tảng kiến thức là tâm lý học nhận thức, tâm lý học xã hội, ngữ nghĩa học, nhận thức luận, và Đạo gia.


[1]: http://xn--qucu-hr5aza.cc/tranh-luan-hien-hoa/?utm_source=R%3A%20RedditVN&amp;utm_medium=Tranh%20lu%E1%BA%ADn%20hi%E1%BB%81n%20h%C3%B2a&amp;utm_campaign=N%E1%BB%97i%20s%E1%BB%A3%2C%20g%C3%B3c%20nh%C3%ACn%2C%20m%E1%BA%A1nh%20m%E1%BA%BD%2C%20v%C3%A0%20t%E1%BB%AB%20bi
[2]: http://xn--qucu-hr5aza.cc/con-mat-lanh-nhu-bang/?utm_source=R%3A%20RedditVN&amp;utm_medium=Con%20m%E1%BA%AFt%20l%E1%BA%A1nh%20nh%C6%B0%20b%C4%83ng&amp;utm_campaign=N%E1%BB%97i%20s%E1%BB%A3%2C%20g%C3%B3c%20nh%C3%ACn%2C%20m%E1%BA%A1nh%20m%E1%BA%BD%2C%20v%C3%A0%20t%E1%BB%AB%20bi
[3]: http://xn--qucu-hr5aza.cc/khi-dao-si-gap-roi-loan-tam-ly/?utm_source=R%3A%20RedditVN&amp;utm_medium=Khi%20%C4%91%E1%BA%A1o%20s%C4%A9%20g%E1%BA%B7p%20rltl&amp;utm_campaign=%C4%90%E1%BA%A1o
[4]: http://quảcầu.com/phan-bien-cuon-cuoc-cach-mang-mot-cong-rom/?utm_source=R%3A%20RedditVN&amp;utm_medium=Ph%E1%BA%A3n%20bi%E1%BB%87n%20cu%E1%BB%91n%20CCMMCR&amp;utm_campaign=%C4%90%E1%BA%A1o
[5]: http://xn--qucu-hr5aza.cc/rac-roi-cua-tu-bi/?utm_source=R%3A%20RedditVN&amp;utm_medium=R%E1%BA%AFc%20r%E1%BB%91i%20c%E1%BB%A7a%20t%E1%BB%AB%20bi&amp;utm_campaign=N%E1%BB%97i%20s%E1%BB%A3%2C%20g%C3%B3c%20nh%C3%ACn%2C%20m%E1%BA%A1nh%20m%E1%BA%BD%2C%20v%C3%A0%20t%E1%BB%AB%20bi",0
1,CHUYỆN ĐI LÀM,"Mình là nữ, 23 tuổi (hoặc 24 vì mình sinh năm 96). Mình có một công việc trái ngành trước khi ra trường và mình theo nó luôn sau tốt nghiệp. Nó đã từng là công việc mình rất thích, lương khoảng 10-15tr (là con số khởi điểm khá ổn) nhưng vì mâu thuẫn với sếp và môi trường làm việc ngày càng đi xuống nên mình đã quyết định nghỉ theo lời khuyên của một người anh đồng nghiệp cũ. Anh này muốn kéo mình qua chỗ làm mới của ảnh, nhưng đúng lúc mình nghỉ thì chỗ của ảnh đã full slot rồi nên mình đã đi kiếm một việc khác cũng nằm trong lĩnh vực ảnh gợi ý. Giờ mình đi làm được 3 tuần rồi, không biết là mình có thực sự hợp chỗ này không nhưng mỗi ngày đi làm mình đều cảm thấy rất tự ti và không thể thực sự hòa đồng với môi trường mới. Mình cũng hơi đồng bóng nên đã xem Tarot 2 lần trước khi chọn việc. Reader đầu tiên thì nói mình hãy chậm lại khi ra quyết định chọn chỗ này, Reader thứ 2 thì nói nếu mình chọn chỗ này sẽ rất vất vả. Giờ mình không biết mình đang cần gì và nên làm gì nữa. Các bạn có thể cho mình vài lời khuyên không?",0
2,Rắc rối của từ bi,"Không thiếu những câu chuyện lay động về sự giúp đỡ vô vụ lợi và thật sự biết lắng nghe người khác. Nhưng dường như chưa có ai nói về những đào sâu suy tư và những biến đổi tâm lý của một người từ bi, cũng như những yêu cầu khắc nghiệt và mâu thuẫn nhau để họ có thể mạnh dạn nói rằng điều họ làm xuất phát từ lòng từ bi. Đặc biệt trong trường hợp ngặt nghèo nhất: người từ bi chưa hiểu được tại sao người kia lại làm như vậy (tức chưa có một cơ sở lý thuyết cho trực giác của mình), và người được từ bi có định kiến sẵn với họ. Đáng tiếc, đây có lẽ mới là trường hợp phổ biến trong xã hội nhất, và việc không có câu chuyện nào đề cập đến những vấn đề này làm cho chúng chỉ là những câu chuyện lý tưởng mà thôi. 

#Nội dung   

I. Từ bi là gì? 
	
II. Những vấn đề người từ bi gặp phải

- Khi người được từ bi không coi bạn ra gì. Khi cho rằng bạn hiểu họ là một điều nguy hiểm 
- Khi sự tò mò được cương quyết bảo vệ. Khi việc từ chối nói cái đúng trở thành quán tính 
	
III. Khi người từ bi chưa thể cho phép mình sử dụng quyền mình cho là đúng

- Rắc rối 1: bị nói là không biết tôn trọng sự khó chịu của họ 
- Rắc rối 2: phải chịu những hậu quả của dính mắc mặc dù mình không có 
- Rắc rối 3: người ngoài hiểu lầm bạn 
 - Họ còn nhiều ngờ vực 
 - Họ đưa lời khuyên sai 
 - Người có thể giúp không thấy tại sao phải giúp 

IV. Giải pháp   

#Đoạn trích 

Sai một li đi một dặm. Vì từ bi và thứ na ná từ bi chỉ cách nhau bằng một lằn ranh mơ hồ, nên bạn sẽ cương quyết giữ vững sự tò mò của mình. Vì biết rằng hoài nghi cảm xúc của bản thân là con đường duy nhất để giúp họ một cách không định kiến, nên bạn sẽ tự nhủ sẽ luôn đặt câu hỏi bất kể bên trong đang phản đối dữ dội thế nào. Sống chết gì cũng phải làm được điều đó. Và bạn sẽ làm một cách nghiêm túc, chứ không phải một hai lần cho có lệ. Nó cần trở thành một thói quen để khi gặp chuyện thì có thể làm mà không cần phải đắn đo suy nghĩ. Sự tò mò của bạn có được áp dụng một cách triệt để hay không sẽ quyết định sự thành công của sự từ bi của bạn. Từ bi lúc này cũng là niềm vui khám phá. 

Kết quả của việc bảo vệ sự tò mò của mình bằng bất kỳ giá nào là một cách vô thức sẽ bạn sẽ không bao giờ nói hoặc làm cái mình nghĩ là đúng hoặc cần thiết. Bạn sẽ làm những thứ ngốc nghếch để xác định điều bạn biết thừa là đúng. Chừng nào bạn còn chưa thấy mình bị khủng hoảng niềm tin, bạn còn chưa hài lòng. Và quả thật, vì mỗi lần làm như vậy bạn lại nhìn ra một góc nhìn mới, và thấy những thứ mình nghĩ là hai năm rõ mười hóa ra không phải, nên bạn càng có lý do để làm điều đó. Điều này chưa từng có ngoại lệ, trăm lần như một. 

Nhờ có những góc nhìn mới mà bạn mới thấy những lỗ hổng trong niềm tin của họ. Nhưng lời giải của bạn cho những lỗ hổng đó chỉ có họ mới có thể xác nhận là đúng hay sai. Nhưng dù nó đúng hay sai, thì bạn cũng cần phải nói ra thì họ mới có thể xác định được. Chỉ giữ nó ở trong lòng thì sự đúng sai của nó mãi mãi là bí ẩn. Nếu bạn xấu hổ vì nói ra điều mình nghĩ là đúng, thì **thông tin quan trọng để giải quyết mâu thuẫn sẽ không thể nói ra** . Lập luận chặt chẽ thì hay đấy, nhưng nó chỉ làm bản thân thêm tin vào cái mình cho là đúng, chứ không giúp ích gì cho việc nuôi dưỡng trí tò mò với cái sai. Ngay cả khi bạn biết chắc là bạn có thể lật ngược vấn đề, bạn cũng sẽ từ chối đưa thông tin ra, vì bạn vẫn còn đang bận tìm xem mình đang sai ở đâu. Họ có thể thôi coi thường bạn, nhưng rất có thể bạn đang lừa gạt cả hai. Họ có thể tâm phục khẩu phục bạn, nhưng bạn lại không tâm phục khẩu phục chính bản thân mình. 

***Nghĩa là, khi một người từ bi, họ được trao cho một quyền đặc biệt mà một không người lý trí nào dám nghĩ đến: quyền cho rằng mình đúng. Nhưng có dám sử dụng quyền đó hay không là cách duy nhất để hoàn thành công việc. Người từ bi có quyền được sử dụng quyền đó, và phải sử dụng quyền đó. Đó chính là bi kịch của người từ bi.***

# [Đọc bài viết →](http://xn--qucu-hr5aza.com/rac-roi-cua-tu-bi/?utm_source=R%3A%20RedditVN&utm_medium=R%E1%BA%AFc%20r%E1%BB%91i%20c%E1%BB%A7a%20t%E1%BB%AB%20bi&utm_campaign=N%E1%BB%97i%20s%E1%BB%A3%2C%20g%C3%B3c%20nh%C3%ACn%2C%20m%E1%BA%A1nh%20m%E1%BA%BD%2C%20v%C3%A0%20t%E1%BB%AB%20bi)",0
3,Nhận định trận đấu Liverpool vs Tottenham 23h30 ngày 27.10 (giải bóng đá Ngoại Hạng Anh): Khó đòi nợ cũ,"**Sau trận hòa đầy thất vọng trước một Manchester United bỗng đột nhiên đá như lên đồng, Liverpool trở lại sân nhà quen thuộc để đón tiếp một đại diện top 6 cũng đang rệu rã ở thời điểm này – gà trống Tottenham Huspur**

Liverpool vẫn đang chiếm thế thượng phong ở cuộc đua vô địch với đối thủ lớn nhất là Manchester City, khi đang hơn đối thủ 6 điểm. Kết quả nghiệt ngã mà họ phải đón nhận ở mùa giải vừa rồi làm cho mọi sự thận trọng được đặt lên tốt đa ở bất kì thời điểm nào của cuộc đua vô địch năm nay. Bởi lẽ, chỉ cần lơ là và để sảy chân đang tiếc, thì cái giá mà họ phải trả là sẽ vô cùng lớn và lần về nhì vĩ đại nhất lịch sự Premier League ở mùa giải qua là tấm gương rõ nhất để đội bóng Thành phố Cảng nhìn vào và cải thiện.

&#x200B;

Chuỗi trận thăng hoa từ đầu mùa đến trước vòng đấu vừa rồi với 8 chiến thắng liên tiếp đủ để thấy được quyết tâm cực lớn của thầy trò HLV Jürgen Klopp trong hành trình chinh phục giải đấu năm nay. Thế nhưng, niềm vui của đội bóng áo đỏ đã phải bị chững lại khi vòng đầu vừa rồi họ không thể khuất phục được đội chủ sân Old Trafford và chỉ có thể giành lấy 1 điểm trước đối thủ. Mặc dù liên tiếp có được những thành tích ấn tượng dưới thời Hlv người Đức, thế nhưng việc không thể giành chiến thắng trên sân của Manchester United là là một điểm trừ cho Liverpool ở thời điểm này.

Và không để những cổ động viên đội nhà đợi chờ quá lâu, Liverpool đang mang niềm vui trở lại cho người hâm mộ đội bóng bằng thắng lợi ấn tượng 4-1 ngay trên sân của Genk tại đấu trường Champions League mới diễn ra hồi giữa tuần. Điều đáng nói, đội chủ sân Anfield vừa đón sự trở lại của ngôi sao người Ai Cập – Mohamed Salah sau khi anh vắng mặt ở trận đấu quan trọng trước đó với Manchester United. Và tiền đạo này cũng đã góp vui khi có cho mình bàn ấn định tỉ số chung cuộc. Ngoài ra một sự trở lại ấn tượng không kém đó là người cũ của Arsenal – Alex Oxlade-Chamberlain, người đã có cú đúp và giúp cho lối chơi của đội bóng áo đỏ nhịp nhàng và mềm mại hơn rất nhiều. Có thể nói sự trở lại của Chamberlain là liều thuốc kịp thời giành Klopp trong bối cảnh những tiền về của ông như Jordan Henderson hay James Milner đang có những sự bất ổn về tuổi tác lẫn phong độ.

[ảnh minh họa :kuvietbongda](https://preview.redd.it/tpox6mnmp3v31.jpg?width=1024&format=pjpg&auto=webp&s=b7979203bb1e99e7d8b14647cd6eff61a0cef342)

Trong khi đó, Tottenham cũng vừa có một trận đấu đầy ấn tượng tại đấu trường Champions League với thắng lợi 5 sao trước các cầu thủ Crvena Zvezda. Một thắng lợi ghi đậm dấu ấn của Harry Kane và Son Heung-min khi cả hai cùng có được cú đúp bàn thắng. Xen vào đó là bàn thắng của cầu thủ đang có phong độ khá tốt là Érik Lamela. Thắng lợi kể trên mang đến rất nhiều điểm tích cực giành cho đội bóng của HLV Pochettino. Ngoài việc chấm dứt chuối 3 trận không thắng liên tiếp trước đó, bên cạnh đó giúp cho hang công của đội bóng tìm lại cảm giác ghi bàn sau khi hai vòng đấu gần nhất tại Ngoại Hạng Anh họ chỉ có duy nhất 1 bàn thắng.

Trở lại đấu trường quốc nội, những gì mà hiện đang thể hiện khiến cho những cổ động viên đội nhà khổng thể không thất vọng. Thậm chi một số còn tỏ ra giận giữ với những màn trình diễn và kết quả có được mà đoàn quân của ông Pochettino mang đến ở những vòng đấu gàn đây. Cụ thể, trước đó họ để thua múi mặt với tỉ số 0-3 ở cuộc đối đầu với các cầu thủ Brighton & Hove Albion. Một trận đấu không những gây thất vọng ở mặt trận tấn công dù cho có sự phục vụ của tất cả những cái tên nhất trên hang công của mình. Bên cạnh đó là hàng phòng ngự mơ ngủ và quá lỏng lẻo. Cao trào của sự tức giận còn được đẩy lên cao hơn khi họ lại để cho Watford cầm hòa ở vòng đấu vừa rồi ngay trên sân nhà. Trong bối cảnh đối thủ của họ đang thi đấu cực kì sa sút và đang đội sổ trên BXH. Liên tục những kết quả tệ hại khiến họ bị đẩy xuống vị trí thứ 7 và đang cách top 3 đến 5 điểm.

Lần này thử thách và áp lực giành cho Gà trống tiếp tuc sẽ lớn hơn rất nhiều khi đối thủ của họ là Liverpool, đội bóng bất bại ở thời điểm hiện tại. Ngoài ra, một bất lợi rất lớn khác giành cho đội bóng áo trắng ở trận đấu này là việc phải thi đấu xa nhà. Harry Kane và các đồng đội đang có thành tích thi đấu xa nhà cực tệ. Họ đã không thắng cả 6 lần làm khách từ đầu mùa giải đến nay, với 2 trận thua và 4 trận hòa. 

## Thống kê dữ liệu cầu thủ

&#x200B;

[ảnh:kuviet.com](https://preview.redd.it/zvbmntarp3v31.png?width=1155&format=png&auto=webp&s=dcb65908d77c194523eb4d8ceeccefe6d52e0549)

Rõ ràng mọi ưu thế đang nghiêng về Liverpool ở trận đấu lần này và không khó hiểu khi mức chấp giành cho họ lên đến -1. Phong độ phập phù của Tottenham càng làm cho giới đầu tư them tin tưởng vào khả năng vượt kèo của đội chủ nhà lần này. Ngoài ra Liverpool cũng đang hoàn toàn vuợt trội về thành tích đối đầu gần đây của hai đội khi có được 3 chiến thắng ở cả 3 lần gặp nhau gần nhất. Chính vì lẻ đó, Lữ đoàn đỏ nhiều khả năng sẽ là cái tên mang đến niềm vui cho giới đầu cơ ở trận đấu lần này.

Hàng công của cả hai đều đã thể hiện đước sức mạnh của mình. Trong khi Liverpool có được 4 bàn, thì con số đó của Tottenham còn ấn tượng hơn với 5 bàn. Những lần chạm trán giữa hai đội gần đây thường diễn ra rất hấp dẫn và lôi cuốn nhờ vào sức mạnh tấn công của cả hai. Minh chứng rõ nhất là việc có đến 4/5 lần gặp nhau gần đây hai đội kết thúc với từ 3 bàn trở lên. Và chính nhờ quyết tâm giành chiến thắng của cả hai ở trận đấu này, cùng với hang công tìm lại được cảm giác ghi bàn thì hứa hẹn đây tiếp tục sẽ là một trận đấu bùng nổ bàn thắng. Những chuyên gia của KU Việt khuyên bạn nên đặt cửa tài khi chơi kèo tài/xỉu.

## Dự đoán tỷ số trận đấu: Liverpool 3-1 Tottenham

Nguồn:  [https://kuviet.com/nhan-dinh-tran-dau-liverpool-vs-tottenham-23h30-ngay-27-10-giai-bong-da-ngoai-hang-anh-kho-doi-no-cu/](https://kuviet.com/nhan-dinh-tran-dau-liverpool-vs-tottenham-23h30-ngay-27-10-giai-bong-da-ngoai-hang-anh-kho-doi-no-cu/)",0
4,Không vào được pornhub ??? :),Có ai giống bị giống tôi không :v sài mạng nhà thì không được còn 3g hay 1 số mạng nơi khác vẫn được,0
5,Khoe Waifus - The Great Reddit Waifu War,"Với tư cách là weeaboos đời đầu (2004 - lúc văn hóa otaku bắt đầu nổi), tui tuyên bố bắt đầu Đại Chiến Waifu Reddit đầu tiên (The Great Reddit Waifu War- TGRWW for short) . 

NỔI DẬY LÊN NHỮNG NGƯỜI ANH EM WEEB.

Chia sẻ Waifu của mấy ông, và bàn luận tại sao nàng lại là Waifu của ông. Dưới là waifu của tui, Senjougahara Hitagi của bộ Monogatari. No steal pls.

Xem bộ Monogatari hồi cấp 3, và nàng thành hình mẫu phụ nữ của tui luôn: Tốt bụng, cứng đầu, nhưng thực tế và dù thích châm chọc người khác nhưng bên trong luôn quan tâm họ (also tóc dài, fetish của tui, mặc dù mấy phần sau cắt ngắn)

[Hitagi-san \(Crab\)](https://preview.redd.it/1tezj6s83wu31.jpg?width=411&format=pjpg&auto=webp&s=59ed30f8d18819ecf0e2ec0e242e5888a669d29f)

MY WAIFU IZ DA GREATESTEST, F U, FIGHT ME!!!!!",0
6,Trường em vừa bị lừa đảo sáng nay,"Nói mà tức anh ách các anh chị ạ, trường em vừa thuê một nhóm lấy danh từ học viện quân y để lừa đảo bán dung dịch vệ sinh phụ nữ về lừa hàng ngàn sinh viên trường. Em không hiểu sao trường mình lại làm ăn tắc trách như vậy luôn, nhưng chắc là sẽ không lấy lại được tiền rồi. Thấy một bài báo viết có ghi rằng không chỉ mỗi trường em bị lừa nên em đoán có thể nơi làm việc học tập của mọi người sẽ gặp phải nữa. Nên em viết thử bài này mong các anh chị em hãy cảnh giác vì đến trường học mà còn đưa lừa đảo vào được nữa.",0
7,Có chàng trai...,"Câu chuyện viết bằng cảm hứng từ một giấc mơ (có thêm thắt vào)   


Chap 1

&#x200B;

Thằng bụi đời, hoặc thằng bán vé số, đó là Khiêm, mà cũng chẳng có ai gọi cái tên này của nó từ lâu lắm rồi, người ta cứ gọi nó là thằng bán vé số, bởi cái nghề của nó bây giờ thôi. Nó không biết cha mẹ nó là ai, cuộc sống của nó là ở chung dưới gầm cầu với mấy thằng bán vé số, đánh giầy khác. Năm nay nó 14 tuổi, và chẳng nhớ được từ khi nào nó bắt đầu cuộc đời bụi đời của nó, có lẽ từ lúc nó 9 10 tuổi gì đó. 

Mấy thằng bụi đời khác gọi nó là Mỡ, mặc dù nó gầy tong teo, có lẽ là vì nó thích ăn thịt mỡ, chắc là thiếu cái gì thì ăn cái đó. Thằng Mỡ thích hát, và hay hát. Tối tối, mấy thằng dưới gầm cầu lại rủ rê kêu nó hát bài gì đó, nhất là mấy bữa trời mưa, đôi khi, những lúc như thế mà thằng Mỡ hát bài gì đó buồn buồn, là lại có mấy thằng ngồi trầm ngâm, ngó mưa, mà quên tấm tắc khen khi thằng Mỡ hát xong. À, thằng Mỡ hát cũng hay lắm, có lẽ vậy. 

Dạo gần đây thằng Mỡ hay nghêu ngao một bài tình yêu, bài hát nó nghe được ở sân khấu ca nhạc lúc đi bán vé số ngang qua đó. Nó chẳng nhớ bài hát tên gì, nhưng có lẽ nó cũng sáng dạ, nghe hát cái là nhớ được kha khá, thiệt, cái thằng cũng có chút tài. 

Tối hôm đó, nó ngồi hát cho mấy thằng dưới gầm cầu nghe. Hát xong thằng nào cũng khoái chí cười khanh khách. Có thằng nói bài này chắc cũng nổi, có nghe ở đâu rồi, mà chưa thấy ai hát hay như thằng Mỡ. Bài hát nói về câu chuyện một anh chàng dưới quê thương thầm cô bé hàng xóm. Rồi cô nàng yêu người khác, nhưng về sau cô nhận ra chân tình của anh chàng và cả hai người yêu nhau. 

Thằng Lì mập, đứa nhỏ tuổi nhất đám, nhưng cũng bự con ngang ngửa, nói là thằng Mỡ chắc nhớ tới con nhỏ ở trường Nguyễn Du, hồi xưa cho nó kẹo một lần tương tư tới giờ. Nói xong thì bị thằng Mỡ kí đầu cho một cái, nhưng cả lũ vẫn cười hì hì. 

Vài bữa sau đi bán, thằng Mỡ có khách quen mới. Một ông chú chủ quán cafe, hay mua vé số của nó, đều đặn, ngày nào cũng hai tờ. 

Bán được khoảng hơn tuần, không hiểu sao ông chú cafe bảo sẽ mua cho hẳn 5 tờ, nếu nó hát một bài nghe chơi. 

\- Tao nghe nói mày hát hay lắm hả nhóc ? Hát thử bài nghe chơi, hát hay tao mua cho 5 tờ luôn. 

Thấy cũng kỳ, nhưng cũng gần chiều rồi, cũng vừa khít còn lại 5 tờ cuối, thôi thì hát đại bán cho xong. 

Mà quả thực thằng này hát hay, ông chú có vẻ tấm tắc lắm, mua hết vé số cho nó, còn hẹn bữa sau ghé hát bài khác lại mua nhiều hơn. Công nhận, nhiều người cũng là lạ, nhưng mà zui, thằng Mỡ nghĩ. 

Rồi bữa khác tới quán cafe, nhưng bữa đó xui sao đó, ông chú cafe không ở quán. Nhưng lại có điều khác làm thằng Mỡ quan tâm hơn cả việc bán vé số cho ông chú. Bữa đó quán có một nhỏ nhân viên mới, và thằng Mỡ nhìn bần thần một lúc lâu. 

Tối đó về gầm cầu, thằng Mỡ nói ít hẳn, chỉ có cái mặt thì tươi hơn chút. Mấy thằng khác nhìn cũng kệ, tại thằng này tính nó ít nói sẵn rồi, nên nghĩ là chắc nó lại gặp được khách sộp. Chỉ có thằng mập Lì là vỗ vai, bảo có gì bữa nào nó đói thì chiếu cố ổ bánh mì. Thiệt, cái thằng chỉ biết có ăn. 

Ngày hôm sau thằng Mỡ nhanh chân bốn cẳng đi bán để đặng chạy tới quán cafe sớm hơn thường lệ. Ông chú cafe thấy quắc nó zô, bảo bữa nay ế sao mà đi ngang đây đặng để ổng mua hay gì ? 

Thằng Mỡ lườm, giơ ra, bữa nay chỉ còn có 3 tờ thôi, dư sức bán xong sớm, nhưng mắt vẫn không quên dáo dác quanh quán, có điều, không thấy nhỏ nhân viên hôm qua đâu cả. 

Ông chú coi xong ba tờ vé số, rồi hỏi nó bữa nay có hát không ? Nếu hát, ổng bo cho thêm tiền ăn tối. Nhưng thằng Mỡ lại hỏi ngược, là quán có nhân viên mới nào hay sao ? Ông chú bảo không có, quán trước giờ cũng vậy hà. 

Thằng Mỡ nghe xong cũng hơi trầm tư một chút, rồi nó ngồi xuống ghế, hát cái bài nó ưng nhất, bài hát tình yêu anh chàng dưới quê. Hát xong, nó bỏ đi, không thèm lấy thêm tiền bo của ông chú. Còn ông chú, làm sao mà cũng ngồi bần thần một lúc, quên đưa tiền bo cho thằng nhỏ. Nghĩ, mấy người này cũng lạ ghê. Truyện gì mà kỳ ?!

Nhưng từ bữa đó, thằng Mỡ cũng không đi ngang quán cafe nữa, làm như nó muốn tránh cái gì đó. 

Rồi một hôm, thằng Lì sốt li bì mấy bữa. Mấy thằng đoán nó chắc bị sốt xuất huyết, hay bệnh gì đó tệ hơn. Cả đám hùn tiền để cố đưa thằng Lì vô bệnh viện. Nhưng rồi tiền cũng chỉ có một chút, và quan trọng là ai cho bọn bụi đời không giấy tờ vô bệnh viện, mấy thằng nhỏ sợ như thế. 

Tối đó, thằng Mỡ không nói gì, kêu mấy thằng chăm sóc cho thằng Lì, nó chạy tới quán cafe, tìm ông chú, mong có thể xin được sự giúp đỡ nào đó, dù nó nghĩ cũng không có khả năng gì khả quan. Nhưng sau khi nghe chuyện, ông chú liền chạy tới gầm cầu, coi xét rồi bảo khả năng thằng Lì bị sốt xuất huyết thiệt. Rồi bắt taxi cho thằng Mỡ và thằng Lì tới bệnh viện, ông chú chạy xe máy theo sau. 

Ở bệnh viện, thằng Lì bị sốt xuất huyết thiệt, nhưng cũng không có gì nguy hiểm. Ông chú sắp xếp sao đó mà thằng Lì được nằm viện theo dõi. Khoảng mấy bữa thì thằng Lì cũng khỏe lại, mấy thằng qua được một cơn hú hồn. Còn thằng Mỡ, nó biết nó nợ ông chú một lần, dù gì, trong đám anh em gầm cầu, nó cũng thương thằng Lì nhất. 

Sau mấy bữa, một tối thằng Mỡ tới quán cafe, gặp ông chú, hứa sẽ để dành tiền để trả nợ lại cho ổng. Mặc dù nó biết ông chú chắc cũng đã sắp xếp sao đó về mặt giấy tờ để thằng Lì được chữa bệnh. Nên nó nghĩ có lẽ sẽ phải dành một khoản tiền kha khá để trả ông chú. 

\- Mày khỏi cần trả gì cả, nhưng chỉ khi mày qua làm phục vụ cho quán của tao, nếu muốn tao cho mày ngủ lại coi quán, đỡ phải ra gầm cầu. Chịu không nhóc ? 

... 

To be continued...",0
8,Trăm năm khép lại,"Em xòe bàn tay như năm cánh hoa nhỏ  
Con bướm vàng vẫy cánh khẽ bay xa...  
Gió cứ kể hoài một câu truyện đã qua  
Thuở trăm năm có khi nào trở lại...  
Sóng giận điều gì mà cứ xô bờ mãi?  
Cung đàn xưa đã đứt phím tơ hồng.  
Con nhện giăng tơ...  
...con xít lội sông...  
Còn đâu nữa má hồng thời con gái?  
Nước mắt chảy xuôi, xin đừng đọng lại...  
Ngậm ngùi chi trên môi nhạt màu son?  
Điều mặn chát muôn năm nữa vẫn còn  
Xin trăm năm thêm một lần nhung lụa…  
&nbsp;

Em xòe bàn tay đợi mãi trong mưa  
Trời mùa này hay nắng mưa bất chợt  
Nỗi niềm bể dâu nào có ai biết trước  
Thoáng chớp mi, con sáo đã sổ lồng...  
...  
&nbsp;

*Bươm bướm vàng theo gió lạc ra sông  
Bay chấp chới...  
rồi vỡ òa theo sóng...  
…*  
&nbsp;

Người con gái úp mặt khóc mây trôi  
Con nhện giăng tơ...  
...con sáo sổ lồng…  
Mùa khép trọn giấc mộng thuở trăm năm…  
&nbsp;

(Thơ Nguyễn Băng Ngọc)",0
9,Nói về cái cách con người ta ứng xử với nhau trên mạng xã hội,"Anh em hãy cứ coi đây là một bài viết nâng cao quan điểm đi, vì bản chất khi viết những dòng chữ này, “nâng cao quan điểm” chính xác là những gì tôi muốn làm. Chẳng là, đọc những dòng chữ của Erwin Puts, một trong những người được kính nể nhất trong thế giới của những người dùng Leica khiến tôi không khỏi suy nghĩ. Hôm 20/10, ông có [***một bài post trên trang blog cá nhân LeicaGraphy***](https://photo.imx.nl/blog/files/75caecf5a21140ab6c9b46f825ef253c-143.html), nói rằng những gì của Leica hiện tại chẳng còn là con đường ông muốn đồng hành nữa.

Ông viết:

>*“Tôi đã trải nghiệm và đối thoại với những người ở Wetzlar, rồi Solms, và rồi lại ở Wetzlar, về bước chuyển sang kỹ thuật số và cái cách công ty phát triển và thay đổi cùng lúc với việc ứng dụng công nghệ số vào ngành nhiếp ảnh, cũng như thế giới nhiếp ảnh thời internet. Sự kiện gần đây nhất là bước chuyển từ một công ty sản xuất trở thành một công ty phần mềm của Leica. Dù rằng nó thành công về mặt thương mại, sự thay đổi về mặt bản chất này dẫn đến một tác động có lẽ Leica không mong muốn: Linh hồn của Leica đã bị xóa mờ.Hệ quả là, nhiều người bắt đầu quan tâm hơn tới những sản phẩm cũ. Chiếc SL và Q là tương lai đầy hứa hẹn của Leica. Nhưng rồi bóng ma của Huawei và Panasonic cứ vất vưởng khắp trụ sở công ty. M-system vẫn được coi là kẻ kế thừa xứng đáng của Leica, nhưng rồi nó đang bị gạt sang một bên. Xưa kia, Leica một mình bước một con đường riêng, nhờ vào những kỹ sư tài năng và những nhà marketing nhiệt thành. Giờ sản phẩm của nó giống như mọi sản phẩm camera khác trên thị trường.Họ đã vẽ nên một tương lai và đi theo một con đường mà tôi không muốn cùng đồng hành nữa.”*

Trong vài phút sau khi đọc như nuốt những lời của Puts, tôi hoảng sợ.

Hồi xưa, văn là môn tôi dốt nhất, vì những bài phân tích tác phẩm, những tác giả, những nhân vật, những bối cảnh tôi chưa từng được trải nghiệm, được thấu hiểu. Nhưng rồi lớn dần, người lớn dạy cho tôi một thứ mà tôi nghĩ đến giờ vẫn là bài học cuộc đời giá trị nhất. Bài học đó, giống hệt như những gì Eminem hát trong ‘Beautiful’*: “Đi giày của tôi, chỉ để thấy, như thế nào, khi là tôi. Tôi sẽ là bạn, đổi giày nào, để cảm nhận được nỗi đau của bản thân nhau.”*

\*""\*Người lớn"" trong gia đình dạy tôi cách bình tâm trước những góc nhìn trái ngược của người khác, và hãy thử nhìn vấn đề theo cách của người đó. ""Người lớn"" đó là ông nội tôi.

Tôi hoảng sợ, đơn giản vì trong những giây phút ấy, tôi bất chợt hiểu được “nỗi đau” của Puts, nỗi đau phải rời xa một thứ mà ông đã gắn bó hết mình cả nửa đời người.

Ông nội tôi là người dùng Leica. Khi tôi sinh ra, ông cũng gần về hưu, cái tuổi ăn tuổi chơi thì gần như chẳng biết cái vị trí “Trợ lý cao cấp cho bộ trưởng nông nghiệp” của ông nội là làm những thứ gì. Ông chu cấp cho cả gia đình khi ấy, sau khi đưa bà nội tôi lên thành phố để tiện công việc, bỏ hết ruộng vườn gà qué, để căn nhà của ông ở quê cho người bác họ. Về sau đọc những tài liệu của ông, tôi mới hoảng. Khi ấy, đầu óc của một thằng thanh niên 20 tuổi mới chỉ lờ mờ nhận ra mình đang đứng sau cái bóng quá lớn của ông nội. Ông dạy tôi nhiều thứ, có lẽ nhiều hơn cả những gì bố dạy tôi. Ông tốt nghiệp Kinh Tế Quốc Dân, và những ghi chép của ông thời ấy mô tả ông giống như một cái đầu cáo già khi nói đến kinh tế nông nghiệp. Ông có một đam mê duy nhất, nhiếp ảnh. Thời ấy, ông có hai chiếc máy ảnh. Một chiếc Nikon F2, lắp ống gì tôi không nhớ rõ nữa, chỉ nhớ cho họ hàng mượn đi biển rồi họ làm hỏng. Cũng vẫn là những lời xin lỗi và hứa đền, nhưng chẳng mấy khi ông nội bắt đền. Với ông, không tài sản nào quan trọng bằng gia đình.

Chiếc thứ hai, là Leica M6, lắp Summilux 35 1.4. Bà nội không hẳn cấm đoán, nhưng cũng không thích ông chơi máy ảnh. Phải chăng vì cái kỹ tính của ông? Con cái dần lập gia đình, ra ở riêng, cứ không có cháu chắt lên chơi, ông chăm chút chiếc máy từng li từng tí. Không chụp thì tháo pin để riêng kẻo nó chảy nước, máy cất chỗ khô ráo. Mà cái thời ấy thì làm gì có tủ chống ẩm và túi chống ẩm, những hôm nồm giời, trần nhà đọng nước, sàn nhà gạch hoa giẫm bước nào dính bước ấy, bà kể ông đứng ngồi không yên. Nhiều năm trước, tôi sẽ mặc định nghĩ ông xót của, nhưng hẳn là không phải vậy.

Phải chăng, người thuở cũ gắn bó với những món đồ vật theo cách rất khác chúng ta bây giờ?

Phải quen một người lớn tuổi chơi Leica, hay chơi bất kỳ món đồ chơi cổ nào, tôi mới hiểu được cái cảm giác của Puts khi phải cay đắng dừng chuyến hành trình với cái tên mà họ dành ra cả quãng đời trưởng thành để gắn bó. Tất lẽ dĩ ngẫu, vật đổi sao dời, há có gì trường tồn? Con đường của Leica, ắt cũng giống con đường của Nokia, của Apple, của Kodak, của HTC, của Sony, của hằng hà sa số những thương hiệu khác nhau. Các cụ cứ dạy, tâm bất biến giữa dòng đời vạn biến. Đúng, tâm bất biến, khi chúng ta có tầm nhìn cụ thể và biết làm thế nào để đạt tầm nhìn đó. Khi ấy, tâm chúng ta sẽ khó bị nhiễu động bởi những biến đổi ngoài kia, chứ không phải hành vi bất biến, không phải chiến lược bất biến. Leica bước vào kỷ nguyên kỹ thuật số đúng theo cái cách Kodak muốn đi theo nhưng chưa đến thời. Dẫu sao đi nữa, Leica cũng có vị trí riêng để làm điều đó.

Cái “vị trí riêng” đó dắt chúng ta đến đúng với điều tiếp theo. Khi một cái tên thay đổi, những con người từng sống chết với thương hiệu ấy cảm thấy một chút chạnh lòng. Hãy cứ coi những dòng chữ của Puts là của một lão già gàn dở đầy cảm xúc. Không có cách hiểu nào khác, vì khi gắn bó 35 năm với Leica, tạo ra những cuốn sách đúng chất lượng bách khoa toàn thư vô giá cho người chơi Leica như Leica Chronicle hay Leica Lens Compendium, không khó để thấy đối với Puts, Leica đã trở thành lẽ sống, là niềm đam mê của người nhiếp ảnh gia.

Khi dùng Leica, con người ta dễ có cảm giác “thượng đẳng”. Đáng lẽ ra dùng từ elitist mới đúng, nhưng nếu gọi nó là ""tinh hoa"" thì chẳng còn ý nghĩa nữa. Cái khó khăn để viết về nó là người ta xử lý ra sao với sự “thượng đẳng” đó. Có người từng nói, một khi đã chụp Leica thì rất khó quay về máy khác. Lý do thì cũng nhiều, nhưng để một người không chơi ảnh như tôi giải thích há chẳng phải múa rìu qua mắt thợ?

Leica M6 của ông nội không dễ dùng, không dễ một chút nào cả. Nó không phải một chiếc máy chụp sai thì làm lại như DSLR hay mirrorless. Nó không thỏa hiệp với sai lầm của người chụp, là tôi. Thoáng chốc, tôi nhận ra, mình không xứng đáng với nó. Nó là chiếc máy ảnh của-ông-nội, không phải thứ bất kỳ ai cũng có thể cầm lên và chụp, ngay cả khi ông cho phép. Và đúng là ông cho phép tôi làm điều đó, nếu không thì tại sao trước khi mất, ông dặn tôi “giữ nó nhé”? Tôi đồ rằng, phía sau ba từ ấy là tất cả những gì ông gửi gắm cho thằng cháu đích tôn. Sức lực của ông khi ấy bị căn bệnh ung thư phổi bòn rút, chẳng còn đủ để dạy tôi bài học cuối, làm thế nào để thuần phục chiếc M6 bất kham.

Tôi hiểu, cái cảm giác “thượng đẳng” khi dùng Leica không chỉ đến từ việc con người có đủ tiền mua nó về dùng, mà còn cả việc tạo ra những khung hình hoàn hảo theo ý muốn của bản thân. Suy cho cùng, Leica, hay mọi món đồ, đều chỉ là công cụ để làm việc theo ý muốn của con người, được con người tạo ra để phục vụ cho nhu cầu của con người. Không hơn, không kém. Những người dùng Leica cảm thấy “thượng đẳng” vì họ không chỉ sở hữu hệ thống máy ảnh được coi là tốt nhất thế giới, mà còn biết cách làm thế nào để bắt chúng làm theo ý muốn của mình.

Và rồi, những chiếc Lumix của Panasonic ra mắt với ống kính Leica, rồi đến cả Huawei cũng khoe khoang họ phát triển ống kính máy ảnh smartphone với Leica. Bỗng nhiên, Leica, từ một cái tên xa vời, không phải ai cũng có thể với tới, trở thành một cụm từ được nhai đi nhai lại trong những sản phẩm tầm thường trong mắt những người sở hữu M8, M9, mô tả rõ ràng cái thứ chiến lược mà các hãng tạo ra để làm đòn bẩy nâng cao giá trị sản phẩm của họ.

Xét trên góc nhìn người tiêu dùng, đó chưa hẳn đã là điều tệ. Có công nghệ của Leica, các sản phẩm khác cũng sẽ được hưởng lợi. Leica cũng muốn như thế khi thương hiệu của họ có độ phủ cao hơn. Rồi bước chuyển sang Leica SL và Leica Q đặt thương hiệu này vào vị thế của những cái tên hợp thời mà vẫn giữ được mức độ tinh hoa trong sản phẩm của họ. Không phải ai cũng bỏ được trăm triệu mua Leica Q, nhưng nó vẫn chỉ là một chiếc fixed-lens mirrorless. Giá của nó mua được cùng lúc vài chiếc mirrorless khác của các hãng khác. So sánh như thế cũng giống Morning và S-Class. Chúng cũng đưa được người ta từ nhà đi làm, hay đi bất kỳ đâu. Nhưng trải nghiệm thì hoàn toàn khác. Dù khác, nhưng không thể khác như cái cảm giác cầm M6 lên và cố gắng bắt nét vào lọ hoa, vào cành cây ngọn cỏ trước mắt được.

Có lẽ, góc nhìn đầy cảm xúc và hoài cổ của Puts không chấp nhận bước chuyển ấy. Ông tự hào là một phần của lịch sử Leica, khi nó được coi là hoàng đế của giới nhiếp ảnh. Nhưng như đã nói, vật đổi sao dời. Leica không thể chỉ đứng yên một chỗ rồi “tâm bất biến” được. Nó phải thay đổi, chắc chắn 100% phải thay đổi, để không bị đào thải. Và Puts chọn cách viết, viết những gì ông suy nghĩ trên trang blog cá nhân của ông. Trang web không có phần bình luận. Tôi đồ rằng, ngay cả khi có Instagram hay Facebook hoặc Twitter, ông vẫn sẽ chia sẻ ý kiến của mình trên trang blog mà thôi. Ông không muốn thứ tình cảm của mình đã dành cho Leica hơn 3 thập kỷ bị những ý kiến của những kẻ xa lạ xáo trộn.

Cái thời kỳ này, chao ôi sao mà nhiều những kẻ có đôi tai, đôi mắt và tinh thần dễ vỡ vậy? Họ không chịu nổi những ai có góc nhìn khác họ, thế giới quan và phân tích không vừa ý họ, hoặc đơn giản hơn là không giống như những gì họ bị những người khác nhồi nhét vào đầu và cảm thấy ưng ý với những góc nhìn đó. Hôm vừa rồi tôi đọc một bài viết về “giới trí thức nửa mùa” trên tạp chí Tia Sáng, dịch lại bài tham luận của phó tiến sỹ sử học Oleshuk.

Trí thức nửa mùa của thời đại này là gì? Là những kẻ ba phải, không chịu tự suy nghĩ mà thay vào đó thường áp dụng đúng những góc nhìn chủ quan của những Facebooker nổi tiếng khác và áp nó thành góc nhìn của cá nhân mình. Dạng này thời nào cũng có, nhưng trớ trêu là cái thời ai ai cũng có internet, họ bỗng dưng có một nhu cầu mới, ấy là nhu cầu đòi hỏi người khác phải nghe tiếng nói của họ, bất kể chúng méo mó đến đâu đi chăng nữa. Bất kỳ ai có góc nhìn khác cũng đều bị gạt bỏ theo cái cách khó có thể “rừng rú” hơn. Họ thóa mạ, công kích cá nhân người ta bằng những từ ngữ xấu xí nhất. Nguy hiểm hơn cả là, họ đông, rất đông, và số đông thì luôn có thể khiến những con người bình thường hoảng sợ. Và thế là góc nhìn đa chiều bỗng nhiên bị bóp nghẹt, dù số ít đôi khi vẫn đúng.

Có một khái niệm gọi là hiệu ứng con voi. Nó như thế này: Hầu hết thời gian cảm nhận ban đầu của con người về một sự việc, hiện tượng đều sai, giống như đứng quá gần con voi, chẳng thể nào nhìn ra toàn bộ con voi mà chỉ thấy lớp da xám xịt nhàu nhĩ. Chỉ khi con người chịu bỏ thời gian, và chịu nhún nhường lùi lại quan sát kỹ càng, chúng ta mới thấy được con voi. Đó là thứ mạng xã hội ngày nay đang có quá nhiều: Những con người dễ bị kích động, dễ bị cảm xúc điều khiển rồi nói ra những điều chẳng mấy hay ho.

Và đó, chính là cảm giác của tôi khi đọc bài viết trên blog của Puts. Ngay lập tức, hẳn sẽ có người nói rằng Puts điên rồ, Leica vẫn sống khỏe, vẫn bán đồ đắt, còn ông chỉ là một trong cả vạn người yêu mến Leica. Vắng mợ, chợ vẫn đông. Chỉ khi “đặt chân vào đôi giày” của Puts, thấu hiểu được cảm giác, cảm xúc và cuộc hành trình của Puts, chúng ta mới hiểu được nguyên do vì sao Puts rời khỏi thế giới của những chiếc Leica. Ông đã không còn thấy một Leica lừng lẫy muôn năm cũ nữa. Leica thay đổi, và ông cũng thay đổi. Ông chọn cách dừng lại. Như Raymond Chandler từng viết trong cuốn The Long Goodbye, “nói lời tạm biệt là chết trong lòng một chút”, Puts đau đớn, nhưng nó là thứ đau cần thiết, thay vì cứ cố níu kéo những giá trị đã từ lâu không còn tồn tại, chí ít là trong mối quan hệ giữa ông và Leica.

Phải chi, những con người sử dụng mạng xã hội cũng biết làm điều đó, biết nhìn một vấn đề ở nhiều khía cạnh, nhiều chiều, thử đặt mình ở vị trí người đối thoại để tranh luận, bỗng nhiên thế giới quan của họ sẽ trở nên hoàn thiện hơn, dù chưa chắc đã hoàn hảo, nhưng chắc chắn hoàn thiện hơn. Chỉ khi ấy, mạng xã hội mới thật sự là thứ công cụ được tạo ra để giúp con người tiến lại gần nhau hơn, thay vì chia rẽ chúng ta như bây giờ. Đó cũng chính là bài học mà tôi học được.

*Hà Nội, 23/10/2019*",0
10,BBC tiếng Việt,"Kênh này đưa tin khá sát thực. Bị chặn hoàn toàn ở Việt Nam nên phải đọc qua Facebook. Thế giới dường như đang trong gian đoạn tan ra. Catalonia, Hong Kong, Brexit... Khắp nơi biểu tình đòi ly khai. Mình chả hỏi gì đâu, chia sẻ và dẫn nguồn tý thôi.",0
11,social anxiety,"Did anyone suffer from social anxiety while studying in another country ? ( exchange student). I always feel afraid of being judged by the others, and sometimes I even have panic attack. And then I often go home and think about what I did, then criticizing myself for being dumb and silly. Please tell me im not alone.",0
12,Câu thơ vớ vẩn,"Tự nhiên đang ngồi học cái xuất hiện trong đầu câu:
Chiều chiều ra đứng ngõ sau.                C
Đái...",0
13,Bài nhạc khiếm thính trên phím đàn Vincent,"Những vần thơ bóng tối

Gieo theo điệu Waltz mùa xuân

Dưới ánh trăng màn bạc

Vincent tự cắt tai mình

Máu chảy từ đôi bàn tay chạy dài xuống canvas


Hoa hướng dương

Và điệu đàn khiếm thính chạy dọc khán phòng

Với những nụ cười tán thưởng của những vị khách không mặt



Mùa xuân đã chết trên dòng Danube màu xanh",0
14,"Làm quen với gái trên mạng ? Nếu mình inb ""xin chào "" ,liệu các bạn nữ có rep trả hay là như ảnh ?","&#x200B;

[Mình là người hướng nội , khó nói chuyện với phụ nữ ngoài đời . Chán với cảnh Fa quá lâu , nên mình muốn thử làm quen qua Instagram hoặc FB .](https://preview.redd.it/whedce6heot31.jpg?width=537&format=pjpg&auto=webp&s=e6e9a317bf62810107f01c64fc4c0a234fed7a41)

Liệu rằng có khả thi ? Bạn đã từng làm quen với Ny qua cách đấy chưa , nếu có thì xin để lại chút kinh nghiệm.",0
15,Mọi người gíup em sửa lỗi ngữ pháp tiếng anh với ạ,"
Mình có đăng 1 bài nhờ mọi người dịch giúp đó ạ ,  mọi người bảo em nên đăng bài của em nên sẽ tốt hơn nên em đăng lên và nhờ mọi người sửa ngữ pháp , trau chuốt câu văn giúp em ạ. Em cảm ơn . ( Em có kèm cả bài của em và bài viết nguyên văn bằng tiếng việt ở dưới ạ )


----------


Mai: Hello everyone, I'm Tuyet Mai, a reporter from class 12A7, today I'm here to interview young people about the cultural diversity of Vietnam.

( Tự chuẩn bị giới thiệu )


Mai: How do you understand the cultural diversity of Vietnam.

Tung:
In my opinion, the cultural diversity of Vietnam is understood as follows:

The First, it is the diversity of languages, customs, festivals, ... of all 54 ethnic groups.

The Second, due to differences in terrain and distribution of ethnic groups, they have created their own cultural characteristics and characteristics of Vietnam.

The Third, with thousands of years of history, Vietnam has learned and influenced by other cultures. The culture is getting richer.

Mai : 

Viet Anh: In my opinion, the cultural diversity of Vietnam is reflected in both beliefs and religions

The first, is about belief, Vietnamese people are known for the variety of beliefs such as ancestor worship, gods, saints, ...

Next is the religious diversity. Vietnamese people have many different religions such as Protestantism, Islam, ... But the most important is Buddhism.

Mai : 

Thao: In my opinion, the cultural diversity of Vietnam is also reflected in the field of Arts with many different genres: Literature, poetry, chèo, classical drama, reformed drama, etc. The best is literature with works like: Truyen  Kieu, Binh Ngo Dai Cao, ....

And also about music, with ethnic genres, revolutionary music,...

Mai : 


Bui anh: In my opinion, the cultural diversity is also shown in traditional festivals. Vietnam's celebrations bring unique identities and characteristics of each region and nation. The festival is the way to express the beliefs of the nations. At the same time, it is also a unique feature of Vietnamese .

Mai: Above is the opinion of the people about the cultural diversity of Vietnam, What about you?

--------
Mai : Xin chào mọi người , Mình là Tuyết Mai phóng viên từ lớp 12A7 , hôm nay mình đến đây để phỏng vấn các bạn trẻ về sự đa dạng văn hoá của Việt Nam

Mai : ( Kệ mày tự mà chuẩn bị )
Tùng, Việt Anh , Thảo , Bùi Anh : ( Tự chuẩn bị giới thiệu )

Mai : Bạn hiểu thế nào về sự đa dạng văn hoá của Việt Nam. 

Tùng : 
Theo mình , sự đa dạng về văn hoá của Việt Nam được hiểu như sau :

Đầu tiên , Đó là sự đa dạng về ngôn ngữ , phong tục tập quán , lễ hội ,... Của tất cả 54 dân tộc .

Thứ hai , Do sự khác biệt về địa hình và sự phân bố của các dân tộc đã tạo ra những nét văn hoá riêng và đặc trưng của việt nam.

Thứ 3, Với lịch sử hàng nghìn năm , Việt Nam có sự học hỏi và chịu ảnh hưởng của các nền văn hoá khác. Nền văn hoá ngày càng phong phú hơn.

Mai : Chào bạn , Bạn hiểu như thế nào về sự đa dạng văn hoá của Việt Nam ?

Việt Anh : Theo mình sự đa dạng về văn hoá của Việt Nam được thể hiện ở cả Tín Ngưỡng và Tôn Giáo.

Đầu tiên là về tín ngưỡng , Người Việt Nam được biết đến với sự đa dạng của các tín ngưỡng như : thờ cúng tổ tiên , các vị thần , thánh ,.... 

Tiếp theo là sự đa dạng về tôn giáo. Người việt có nhiều tôn giáo khác nhau như : Tin Lành , Hồi giáo,... Nhưng quan trọng nhất là Phật Giáo.

Mai : Còn bạn thì nghĩ sao về vấn đề này .

Thảo : Theo mình , sự đang dạng về văn hoá của Việt Nam còn thể hiện ở lĩnh vực Nghệ thuật với nhiều thể loại khác nhau : Văn học , thơ , chèo , tuồng ,kịch , cải lương..... Trong đó đặc sắc nhất là về văn học với các tác phẩm như : Truyện Kiều , Bình Ngô Đại Cáo,....
 Và cả về âm nhạc với nhiều thể loại khác nhau : nhạc dân tộc , nhạc cách mạng ,.....
 
Mai :

Bùi anh : Theo mình sự đa dạng về văn hoá còn thể hiện ở các lễ hội truyền thống. Lễ hỗi của việt nam mang bản sắc và đặc trưng riêng của từng vùng miền, dân tộc khác nhau  . Lễ hội chính là phương thức để thể hiện niềm tin của các dân tộc.



Mai : trên đây là một số ý kiến về sự đa dạng về văn hoá , còn ý kiến của các bạn thì sao ?",0
16,"Mọi người giúp em dịch sang tiếng anh với ạ , em cần gấp :(","Bọn em nhận được bài tập yêu cầu đóng video về "" Sự đa dạng về văn hoá "" để lấy điểm hệ số 2 môn tiếng anh. Nhưng do trình độ tiếng anh của bọn em kém nên toàn không đạt yêu cầu , yêu cầu phải làm lại , bọn em dùng google dịch thì bị sai ngữ pháp và dịch lệch nghĩa khá nhiều nên em đăng lên đây mong các anh chị giúp bọn em dịch với ạ :( sắp hết hạn rồi . Em cảm ơn rất nhiều ạ.


-------------

Mai : Xin chào mọi người , Mình là Tuyết Mai phóng viên từ lớp 12A7 . Mọi người đã biết , Việt Nam là một quốc gia có sự đa dạng về mặt văn hoá . Chính vì vậy nên hôm nay mình đến đây để phỏng vấn các bạn trẻ về sự đa dạng văn hoá của Việt Nam

Mai : ( Kệ mày tự mà chuẩn bị )
Tùng, Việt Anh , Thảo , Bùi Anh : ( Tự chuẩn bị giới thiệu )

Mai : Bạn hiểu thế nào về sự đa dạng văn hoá của Việt Nam. 

Tùng : 
Theo mình , sự đa dạng về văn hoá của Việt Nam được hiểu như sau :

Đầu tiên , Đó là sự đa dạng về ngôn ngữ , phong tục tập quán , lễ hội ,... Của tất cả 54 dân tộc .

Thứ hai , Do sự khác biệt về địa hình và sự phân bố của các dân tộc đã tạo ra những nét văn hoá riêng và đặc trưng của việt nam.

Thứ 3, Với lịch sử hàng nghìn năm , Việt Nam có sự học hỏi và chịu ảnh hưởng của các nền văn hoá khác. Nền văn hoá ngày càng phong phú hơn.

Mai : Chào bạn , Bạn hiểu như thế nào về sự đa dạng văn hoá của Việt Nam ?

Việt Anh : Theo mình sự đa dạng về văn hoá của Việt Nam được thể hiện ở cả Tín Ngưỡng và Tôn Giáo.

Đầu tiên là về tín ngưỡng , Người Việt Nam được biết đến với sự đa dạng của các tín ngưỡng như : thờ cúng tổ tiên , các vị thần , thánh ,.... 

Tiếp theo là sự đa dạng về tôn giáo. Người việt có nhiều tôn giáo khác nhau như : Tin Lành , Hồi giáo,... Nhưng quan trọng nhất là Phật Giáo.

Mai : Còn bạn thì nghĩ sao về vấn đề này .

Thảo : Theo mình , sự đang dạng về văn hoá của Việt Nam còn thể hiện ở lĩnh vực Nghệ thuật với nhiều thể loại khác nhau : Văn học , thơ , chèo , tuồng ,kịch , cải lương..... Trong đó đặc sắc nhất là về văn học với các tác phẩm như : Truyện Kiều , Bình Ngô Đại Cáo,....

Mai :

Bùi anh : Theo mình sự đa dạng về văn hoá còn thể hiện ở các lễ hội truyền thống. Lễ hỗi của việt nam mang bản sắc và đặc trưng riêng của từng vùng miền, dân tộc khác nhau  . Lễ hội chính là phương thức để thể hiện niềm tin của các dân tộc.",0
17,Thêm một minh chứng cho thấy Ole tạm thời vẫn an toàn kể cả có thua Liverpool vào ngày mai,"Việc MU liên tiếp có những ""tin đồn"" về mua sắm cầu thủ mới không còn quá xa lạ. Nhưng trong bối cảnh MU đang ảm đạm thế này thì việc bất ngờ hỏi mua cầu thủ này chứng tỏ Ole vẫn được coi trọng tại Nhà hát của những giấc mơ

&#x200B;

https://preview.redd.it/zyk730g9qgt31.jpg?width=800&format=pjpg&auto=webp&s=fef8a15350893b0aa083c95caa24221416949b01",0
18,"Nếu ngày kia Man Utd thua Liverpool, liệu Ole có bị sa thải giống như Mourinho của ngày xưa","Theo tin vỉa hè thì MU đang bí mật đi tìm HLV mới (nghe giang hồ đồn là thầy cũ của Ronaldo tại Ý)

Paul Pogba được chẩn đoán dính chấn thương ngón chân và sẽ vắng mặt trận đấu gặp Liverpool sắp tới.

Ngoài ra, Anthony Martial, Luke Shaw, Aaron Wan-Bissaka và Jesse Lingard nhiều khả năng cũng đều sẽ không thể thi đấu.Nguồn tin từ: LFCVN

Nói chung mọi thứ đều chống lại Manchester United. Duy còn 1 thứ khiến CĐV Quỷ đỏ lạc quan, đó là lịch sử đối đầu tại nhà hát của những giấc mơ

&#x200B;

[Ảnh: fanpage group MUSCVN](https://preview.redd.it/vce089ujdat31.jpg?width=540&format=pjpg&auto=webp&s=d3c676858dfb219f6d9c2681e6f1e4b8b78170c3)

Dự đoán: [https://kuviet.com/nhan-dinh-bong-da-manchester-utd-vs-liverpool-22h30-ngay-20-10/](https://kuviet.com/nhan-dinh-bong-da-manchester-utd-vs-liverpool-22h30-ngay-20-10/)",0
19,Mình nên làm gì với cuộc đời mình đây,"Mình năm nay 23t (nữ), học đại học ngành Tiếng Nhật và đang đi làm. Mọi người nhìn vào ai cũng nghĩ tương lai mình tươi sáng lắm vì chưa tốt nghiệp nhưng đã kiếm được việc, lương cũng không đến nỗi nào (~9tr/tháng), nhưng thật sự mình rất stress. Ngày nào đi làm về cũng 9, 10h đêm. Công việc lặp đi lặp lại, không thật sự học được nhiều cái mới, và quan trọng là mình cảm thấy như mình đã chọn sai hướng. Mình ko thích công việc hiện tại, và cho dù có chuyển việc thì mình nghĩ cũng ko khá hơn, vì cơ bản mình cũng không biết bản thân thích gì và cần gì. Mỗi ngày mình đều xem thường bản thân vì sống ko có đam mê, ko biết tiếp theo phải làm gì. Môi trường trong công ty Nhật là quá gò bó với mình, nhưng nếu ko làm cho cty Nhật thì mình cũng ko biết phải làm gì, vì mình chỉ biết tiếng Nhật và tiếng Anh. Mình thích những công việc mang tính sáng tạo và tự do. Hồi đó thi đại học thật ra mình có thi một ngành liên quan đến vẽ, nhưng mình rớt. Mình tự trách bản thân lúc ấy sao ko học hành đàng hoàng hơn thì bây giờ đã ko mất phương hướng như vậy. Có cảm giác như mình đã tự hủy hoại cuộc đời mình vậy. Mình ko biết nên làm gì nữa...Có ai đã trải qua cảm giác lạc lõng này chưa, cho mình lời khuyên với.",0
20,Những chuyện đã xảy ra ở cuộc biểu tình Hồng Kông,"Đến bây giờ, các cuộc biểu tình ở Hồng Kông đã vào tháng thứ 4 rồi, và tình hình có vẻ tệ hơn bao giờ hết. Những diễn biến nổi bật (mà tôi nhớ) là như sau:



-Cảnh sát Hồng Kông đã sử dụng hơn vài trăm bình Hơi Cay, một vài lần đã sử dụng Hơi Cay hết hạn (Có nguy cơ tạo ra Xyanua có thể chết người) để tấn công những người biểu tình.

-Cảnh sát Hồng Kông đã bắn vào mắt của một người biểu tình gây mù một bên mắt.

-Người biểu tình Hồng Kông bắt đầu sử dụng bút Lazer để phòng tránh bị Camera nhận dạng.

-Có người đổ Axít lên các người biểu tình Hông Kông

-Cảnh sát Hồng Kông đã bắt một học sinh 15 tuổi vì mang một cái bút Lazer.

-Cảnh sát Hồng Kông có vẻ đã bắt tay làm việc với các bọn ""Triads"" (Kiểu như là Mafia của Hồng Kông) để tấn công vào các người biểu tình và các người dân. 

-Cảnh sát Hồng Kông đã giả bộ làm người Biểu tình để tấn công bản thân, các người biểu tình khác, và phá hủy các nơi công cộng.

-Các nhà hàng ủng hộ cho các cuộc biểu tình bị những người theo phe Trung Quốc phá.

-Hồng Kông ra lệnh cấm mặt nạ, để máy camera dễ nhận dạng mặt các người biểu tình.

-Cảnh sát Hồng Kông bắt đầu dùng đạn thật thay cho đạn cao su, bắt một học sinh 18 tuổi vào hôn mê, camera cho thấy cảnh sát gài vũ khí vào cơ thể nạn nhân.

-Có người lái xe tông vào một đám người biểu tình, làm gãy chân một phụ nữ và đưa cô ấy vào hôn mê.

-Một số người biểu tình nữ bị bắt cho biết rằng bị cảnh sát sờ soạn.

-Các người biểu tình bắt đầu sử dụng Bình Molotov.

-Công ti Tencent của Trung Quốc mua vô số tài khoản giả để loan tinh giả trên mạng, bảo vệ Trung Quốc, và quỷ hóa, chửi những người biểu tình.

-Có thông tin cho biết rằng Trung Quốc cử lính từ nước mình qua để trà trộn vào trong cảnh sát Hồng Kông để giúp đỡ.

-Có phim được quay cho thấy Cảnh sát không cho các nhân viên sơ cứu cứu các người biểu tình bị thương trầm trọng, có một video cho thấy cảnh sát cầm tay một người tự xưng là nhân viên sơ cứu, rồi bẻ gãy. Hành vi này cũng xảy ra cho các nhân viên báo chí, và ngay cả những người lính cứu hỏa.

-Cảnh sát bắt đầu tấn công vào các bệnh viện đễ bắt các người biểu tình đang được điều trị.

-Cảnh sát Hồng Kông cho biết rằng đã bắt hơn 750 trẻ em vì biểu tình.

-Các tài khoản giả của công ty Tencent của Trung Quốc gần như bao kín các video về cuộc biểu tình Hồng Kông, tất cả nhận xét đều là chế nhạo, chửi, hoặc loan tin sai về các cuộc biểu tình, hoặc hoan nghênh cảnh sát Hồng Kông và nước Trung Quốc (YouTube gần như 100% không được cho phép sử dụng ở Trung Quốc).

-Xác chết khỏa thân của một cô bé biểu tình 15 tuổi đã được tìm thấy ngoài biển, cảnh sát Hông Kông đã coi cái chết là một vụ tự tử và nói rằng cái chết ""không hề đáng ngờ"", dù cô gái không hề biểu hiện dấu hiệu trầm cảm hoặc chứng bệnh tâm thần gì.

-Apple đã xóa một cái app mà các người biểu tình đang xử dụng để tránh cảnh sát. Hãng game Blizzard (tạo ra Overwatch) đã ban một người chơi trong cuộc thi của họ vì người chơi đã nói ""Giải phóng Hồng Kông!"", và Hiệp Hội Bóng Rổ NBA đã xóa đi vài bài đăng của các người chơi ủng hộ Hồng Kông.



Tình hình có vẻ vô cùng đáng sợ. Tôi mong các bạn ở Hồng Kông không bỏ cuộc. Các bạn nghĩ sao về các sự kiên đã diễn ra gần đây?",0
21,Mình muốn xin vài tips khi chuẩn bị đi du học với ạ,"Mình sắp đi du học ở Sydney, Australia. Ở bên đó mình không có người thân nào cả, trường mình lại không có ký túc xá cho sinh viên nên phải tự thuê nhà ở ngoài. Nhà mình cũng không giàu có gì lắm, chỉ có thể đủ trang trải chi phí sinh hoạt trung bình (nhờ một phần là mình xin được học bổng).

Hiện tại mình đang khá là lo lắng khi sang đó một mình, mình là con trai, nói Tiếng Anh cũng chỉ ở mức trung bình (Speaking IELTS 6.0), thuộc dạng khá nhút nhát và ít nói. Các sự chuẩn bị hiện tại về mặt chi phí đi lại, ăn ở,... mình chỉ đang tham khảo ở Internet là chủ yếu. Mình muốn xin vài tips của mọi người để có thể chuẩn bị tốt hơn ạ.

Mình xin cảm ơn mọi người!",0
22,HỎI ĐÁP VỀ INDONESIA,"Chào mọi người, sắp tới trường mình có một chương trình trao đổi sinh viên với một trường Đại học ở Indonesia và mình được yêu cầu làm một video nêu cảm nhận về phong tục, ẩm thực, cơ sở hạ tầng và giao thông của Indonesia. Trước giờ mình cũng chưa tiếp xúc và tìm hiểu về Indonesia nên các bạn có thể cho mình xin một chút thông tin về đất nước này được không. 

Xin cảm ơn.",0
23,Nơi học ielts writing,"Chào mọi người, t đang muốn tìm khóa học Ielts Writing online, mọi người có thể reccomend cho t 1 vài khóa tốt được không? T ms biết thầy Quang Thắng vs thầy Ngọc Bách. Mong được mọi người giúp đỡ ạ. Cảm ơn mọi người nhiều.",0
24,Địa đạo cá sấu tử thần,Mọi người cho mình hỏi cái Đèn pin màu vàng quay tay để sáng trong phim Crawl tên là gì vậy ?,0
25,Đang tìm nơi học kĩ năng,"Mình đang tìm nơi học các kĩ năng để tiện việc kinh doanh và quản lý, nếu dc thì thêm các kĩ năng đồ họa.

Ai giúp tìm nơi học tốt với giá vừa đủ,chất lượng cao với :)))",0
26,Làm sao để cơ thể thơm tho nhỉ?,"Mình dùng sữa tắm Romano và sau khi tắm xong chừng 30p thì mùi nó bay đi đâu hết. Mình thử xài deodorant axe thì nó cũng không mấy tác dụng, nước hoa thì mình chưa thử. Nhiều lúc lên lớp mượn áo hoodie tụi nó thì nó toả ra cái mùi nhẹ nhàng ấy, trong khi quần áo mình giặc cũng bay hết mùi. Cứu tui zới :((",0
27,Gaza,"*Bài viết dưới góc nhìn tiêu cực, mấy bạn nên cân nhắc.*

Hồi còn nhỏ đâu đó những năm đầu 2000, trong lúc anh ngồi chồm hổm xem ké tivi nhà hàng xóm, hóng Hugo thì mấy ông già ngồi uống rượu đút xoài chua vào mồm. Trên tivi có mục điểm tin thế giới của ông biên tập viên hói đầu, mà nghe đâu bây giờ toàn tổ chức chương trình tấu hài. Hồi đấy vẫn hay được bảo dân Palestine choảng nhau với dân Israel ở dải Gaza, rồi lâu lâu kéo đi đâu đó bờ tây sông Jordan quánh nhau tiếp, thi thoảng nghe loáng thoáng lệnh ngừng bắn lúc anh đang trốn sau bụi chuối chơi năm mười, khi khác lại thấy có lệnh rút quân lúc ba anh cất nhà, má anh mua tivi mới. Mà rồi sao? Anh kể chuyện đó có ý nghĩa gì không? Có ai quan tâm không? Có ai còn nhớ không?

Sau này anh rảnh rỗi lên mạng đọc về Mùa xuân Ả rập, cũng nhớ nhớ quên quên, cũng ngồi hóng chuyện Gạc Ma, chuyện Hoàng Sa mất rồi, chuyện bãi Tư Chính, chuyện thế này thế nọ, chuyện cái lọ cái cái chai, ngồi nhà mà hóng chuyện năm châu. Thi thoảng anh vẫn bắt gặp mấy bức ảnh của mấy đứa con nít đen nhẻm, ốm đói ở vùng chiến sự, để người ta nói về tình thương, sự hỗn loạn, nghèo đói và chiến tranh. Ba anh là cựu chiến binh mà tuyệt nhiên anh chẳng bao giờ hỏi ông đã thấy gì. Anh chỉ mải đọc về gánh nặng của Tim O’brien, về số phận của Remarque, về nỗi buồn của Bảo Ninh. Anh chỉ thấy bây giờ con người ta cũng khổ. Anh ngồi vật vờ trong cửa hàng 24h, nghe lóm anh Grap kể chuyện suýt bị đâm bằng con dao thái. Chú Go việt bị bom hàng dưới mưa, chú xách tòn ten hai ly trà sữa vuốt mặt chửi “đụ mẹ đời tao đéo còn gì”. Mà rồi sao?

Hồi đi học anh ngồi làm văn nghị luận xã hội, cứ viết mở bài, “Trong cuộc sống… abc” với “Trên cuộc đời… xyz”. Hồi đó anh chỉ biết sống đời, chứ đời sống là thế nào đâu mà viết, mà đến bây giờ vẫn chưa biết được. Giờ nhìn lại thì rồi sao, có trả lời được không? Có liên quan gì đến mình không mà phải nghĩ? Anh học lóm trên mạng **Memento mori** \- ai cũng rồi cũng chết, đại khái thế, mà rồi sao có gì quan trọng không? Mọi người bảo anh nên nghỉ ngơi, anh cứ mãi nghĩ ngợi, rằng anh nên làm cái ~~chó~~ gì trên cuộc đời? Đại loại thế.

trên cuộc sống, đêm đó anh cũng đứng thu lu một góc, cũng nghĩ “đm chú, đời chẳng còn gì, sao mà không mua dây rồi đá ghế”, chú chẳng còn gì, mà anh cũng thế.",0
28,Mùi hương sữa tắm gây nghiện?,Mình dạo này bị ghiền romano vip rồi huhu vì người mình thương dùng nó :(( Sẵn cho mình xin 1008 tên loại sữa tắm hút hồn cả trai lẫn gái ạaa,0
29,Xin địng hướng công việc.,"Mình 31 tuổi. Hiện tại thu nhập chỉ đủ ăn. Mình muốn học hay làm thêm một công việc gì đó. Các bạn gợi ý cho mình với nhé.
- Mình chuyên ngành tài chính doanh nghiệp ( Làm được mọi việc của kế toán, ms office ở mức khá).
- Mình sống ở quê nên khá khó khăn khi tìm bạn bè cùng chí hướng. Ở đây mọi người chỉ làm đa cấp nhưng họ rất thiếu hiểu biết (móm hết rồi), làm đại lý cho các hãng bảo hiểm (chỉ béo ông leader), buôn bán linh tinh, các đại gia thực sự thì hầu hết đều thầu được các dự án trong các nhà máy nhưng ko có nhu cầu hợp tác với người ko phải trong gia đình, công nhân, phụ hồ thì cũng chỉ như mình.",0
30,Tiền điện tử.,"Mọi người nghĩ sao về tiền điện tử & công nghệ blockchain?
- Tiền điện tử đúng là có nhiều ưu điểm so với tiền truyền thống (Lưu trữ, sở hữu, giao dịch, phân quyền). Nhưng việc tạo ra nó là quá dễ dàng (Có cả ngàn loại tiền) thì nó thực sự chẳng có gì là đáng giá cả, đúng không?
- Blockchain chỉ là một phương pháp bảo mật dữ liệu, hay thật sự là một công nghệ đột phá?",0
31,Wibu? Otaku? Jav? Anime?," Gần đây trên mạng mình hay thấy mọi người nói về cái ""wibu"" hơi nhiều, tra trên internet thì nói wibu là những người hâm mộ văn hóa Japan, thế thì tại sao lại bị cà khịa nhiều vậy ạ, thế em xem Jav có phải là wibu không ??",0
32,Series của Dr_Harper - Tập 1: Hồ sơ kẻ nổ súng - Bệnh nhân #219,"Tôi là bác sĩ trị liệu tâm lí, và bệnh nhân của tôi bị rối loạn tâm lý sau sang chấn khiến tôi gặp ác mộng.

Link Website: [https://drharpertherapy.com](https://drharpertherapy.com)

P1: [https://www.facebook.com/RDVNReborn/photos/a.2078080055624807/2083320251767454/?type=3&theater](https://www.facebook.com/RDVNReborn/photos/a.2078080055624807/2083320251767454/?type=3&theater)

Link Reddit: https://redd.it/abwkyo

P2: [https://www.facebook.com/RDVNReborn/photos/a.1774478915984924/2083328778433268/?type=3&theater](https://www.facebook.com/RDVNReborn/photos/a.1774478915984924/2083328778433268/?type=3&theater)

Link Reddit: [https://redd.it/acjk2m](https://redd.it/acjk2m)

P3: [https://www.facebook.com/RDVNReborn/photos/a.1774478915984924/2083334851765994/?type=3&theater](https://www.facebook.com/RDVNReborn/photos/a.1774478915984924/2083334851765994/?type=3&theater)

Link Reddit: https://redd.it/ad88x0",0
33,Gã khổng lồ,"Gã khổng lồ bước lang thang

Kiếp du mục đời ngổn ngang

Trong đầu gã là hỗn mang

Tâm hồn gã cũng lan man

Rồi hôm nọ gã bàng hoàng

Ai bảo rằng con đường gã đang đi sẽ dẫn gã về La Mã

Khi mặt trời trên nước Anh cũng đang dần lặn ở đằng xa

Mọi thứ thay đổi nhiều đến lạ

Mọi thứ sao mà huyền diệu quá

Gã tăng tốc để chạy trên đường xa

Để một ngày lại nhận ra

Hình như gã vừa bị đuổi khỏi địa đàng

Để rơi vào một nơi không còn tiếng chim hót líu lo, hoa ngưng kết trái

Chúa Trời chết cháy, mây trời hết bay

Men rượu hết cay, gã say hay tỉnh

Xung quanh gã nhụa nhầy chất dính

Thế giới không còn đẹp như Rome

Da gã đắng nghét vị bụi chan cơm

Đêm hôm nọ, gã quên mùi hoa thơm

Quanh đường đi hoa dại um tùm lối

Gã bảo tôi: “Đi lạc không có tội”

Gã là kẻ phiến loạn vô lối

Ngắt mây trời nặn cho cánh hoa tấm khăn phủ đầu

Kệ cả con đường ngập đầy u sầu

Gã cười nhẹ:”Vui đi, đời còn mấy đâu”

Nhìn hoa dại tôi đi

Như mặt trăng rọi chiếu

Như trời cầm gương soi

Như trời duyên chải tóc

Ôi hoa dại, gã thương em bật khóc

Gã khổng lồ cũng biết khóc như ai",0
34,Làm sao để nghĩ thoáng khi yêu xa ạ?,"Mình nam 17 tuổi, đang quen xa 1 bạn kém tuổi. 2 bọn mình đều sẽ về tp HCM để học trong tương lai. Bọn mình nói chuyện rất hợp, toàn xàm xàm đâu đâu nhưng mới quen 6 ngày mà chat cũng được gần 6000 dòng tin nhắn rồi. Mình xem trên mạng thì thấy yêu xa qua tin nhắn rất khó bền vì thế mình rất lo. Bạn ý còn hay add rất nhiều bạn trong 1 group streetwear, còn mình thì không có ngầu như các bạn trong gr đó và cũng ko có tiền để ăn mặc đẹp được như vậy. Mình toàn lo là liệu như được lựa chọn giữa mình và 1 bạn trong đó liệu bạn ấy có còn chọn mình không. Mình còn sợ chat 1 hồi sẽ nhạt dần thì mình ko biết phải làm gì.",0
35,31 tuổi rồi có nên đi học đại học tiếp,"Chào mọi người, chắc mình cũng tương đối già rồi. 13 năm trước quyết định đi học IT có vẻ là đúng đắn. Tuy nhiên, sai lầm là mình bỏ việc ở nhà code dạo khá lâu. Tới nay, 31 tuổi bắt đầu cảm nhận được các vấn đề về sức khỏe. Nay tính bỏ nghề và đi học thêm về marketing.

 Mình có dự định sẽ đi học ở 1 trường đại học cho đàng hoàng. Theo mọi người giờ đi học đại học có nên không! Chứ mình thấy đi học ở các trung tâm không hiệu quả lắm.",0
36,Mình cần lời khuyên,"Chào các bác. Em là coder PHP. Em đi phỏng vấn xin việc và đã pass ở 2 cty. 1 là VCCorp khối Zamba và 2 là VNP khối Bảo Kim. Em không biết nên chọn bên nào có môi trường tốt để học hỏi và tích lũy kinh nghiệm.

Các bác cho em lời khuyên với ạ?",0
37,Thắc mắc về sổ đoàn,"Chào mọi người, em có 1 vấn đề về sổ đoàn muốn hỏi ạ!

Em đang là sinh viên năm nhất và khi phải nộp sổ đoàn thì em đã nói dối là em chưa vào đoàn để khỏi nộp sổ : ( em biết nói dối là xấu nhưng sổ đoàn của em 100% trống trơn, không có chữ kí hay đóng dấu gì từ thầy phụ trách ở cấp 3 và em biết chắc nếu nộp sẽ bị yêu cầu về trường cũ để xin chữ kí etc... Nên em đã nói dối. Vì trường cũ ở cực kì xa trường đại học  và em không có thời gian lẫn tiền để về đó. Em vào đoàn hồi lớp 12 và chỉ dự mỗi buổi kết nạp, thực sự hồi đó không có ai bảo em phải dự buổi nào khác hay nộp lại sổ cả.

Em có hỏi tụi cùng lớp 12 và sổ đoàn của tụi nó cũng trống trơn. Em không có hứng thú với việc vào đoàn và đang phân vân giữa việc nộp sổ hoặc được kết nạp lại. Mong được mọi người tư vấn giúp, em cảm ơn nhiều ạ! T.T",0
38,Mình cần lời khuyên từ mọi người,"Chào mọi người. Mình là sinh viên ngành CNTT mới ra trường. Tuy nhiên mình đã đi làm về lập trình được gần 2 năm và ước mơ của mình là gắn bó với nghề lập trình.

Sau thời gian dài làm việc thì mình phát hiện ra là mắt mình có một vài vấn đề không ổn. Mình bị khô mắt thường xuyên, sợ đi xe máy vì gió vào mắt và đặc  biệt mắt mình luôn cay, mỏi và cực kỳ khó chịu ở mắt mỗi khi nhìn vào màn hình máy tính. Vì thế mà mình phải nghỉ việc được hơn 1 tháng nay. Mình cũng đã đi khám nhiều lần, bác sĩ chuẩn đoán mình bị rối loạn điều tiết, khô mắt, viêm kết mạc bờ mi và cấp thuốc cho mình. Mình có hỏi là cần phải làm gì thêm như tiểu phẫu blabla hay gì không thì bsi bảo không cần, chỉ có dùng thuốc bổ, thuốc làm dịu mắt và hạn chế dùng máy tính. Mình cũng đã thử rất nhiều cách từ điều chỉnh máy tính, night shift, mát xa mắt đến uống thuốc bổ... nhưng không cảm thấy tình trạng của mắt nó cải thiện chút nào.

Đứng trước ngã rẽ này, mình rất hoang mang, mình chưa có hướng đi nào cho tương lai. Mình cần lời khuyên của mọi người. Không biết có bạn nào gặp phải tình trạng như mình hay không nếu có mình rất muốn nghe chia sẻ của các bạn.

Cảm ơn mọi người đã đọc =))

Mình là một coder sợ máy tính :v",0
39,Chứng chỉ TESOL và nghề dạy tiếng Anh ở HCM?,Nghề dạy tiếng Anh dạo này vẫn hot chứ nhỉ? Chứng chỉ TESOL liệu có thực sự thay thế được bằng ĐH sư phạm?,0
40,"Đất không gọi tên người, chỉ có người gọi tên đất mà thôi","Tôi đi về nhà trong cơn nghẹt mũi, mặt đất vẫn nặng trịch như mọi khi.

Tôi nhớ lại vào năm 1596, một nhà thám hiểm nào đấy đã tìm ra châu lục này, lấy tên mình đặt cho nó.
Tôi nghĩ, châu lục mà ông ta tìm ra đã có từ trước khi ông ta ra đời, ông ta không tìm ra nó, nó ở ngay đây cả triệu năm rồi, không cần đợi thêm người ta đến đặt tên nữa.

Mặt đất không có tên, người ta đặt tên cho nó để biết mình ở đâu, nơi nào để không lạc bước. Họ chỉ quan tâm đến những thứ họ trồng trọt, xây dựng trên mảnh đất, lấy tên mình đặt cho nó, họ quan tâm đến những mối tình, những cuộc vui, giấc ngủ trên mặt đất, họ chỉ cảm nhận rằng nó tồn tại khi họ bước đi về nhà trên đôi chân mỏi mệt.

Có kẻ muốn đặt tên khác cho mảnh đất đã giết người chủ cũ để vinh hạnh mà trồng trọt, tưới tắm, ăn ngủ trên nó. Nhiều cuộc ẩu đả, chiến tranh nổ ra chỉ để kiếm cho mảnh đất cái tên khác, cái tên quyền lợi của họ.

Cuộc chiến qua đi, nhiều người chết, nhưng mặt đất vẫn ở đấy, quả núi vẫn ở đấy, con sông vẫn ở đấy, chúng không quan tâm cái tên mới mẽ đẹp đẽ xấu xí mà chúng được nhận.

Mảnh đất vô tri, nhưng vô tri đối với những con người không ngừng đặt tên cho nó.

Đất không gọi tên người, chỉ có người gọi tên đất mà thôi.",0
41,1 vài câu hỏi về bài thi SAT ở việt,"mới đây ,em có nghe nói là mình có thể thi SAT ở việt để có thể xin đi du học mỹ dễ dàng hơn nhưng mấy bạn thì cũng không biết nhiều nên em muốn hỏi mọi người 1 vài câu hỏi về bài thi này 

\- cấu trúc đề thi SAT nó như thế nào ? như là liệu nó có giống bài thi tốt nghiệp hay bài thi đại học hay khác 

\-bài thi sẽ là trắc nghiệm hay tự luận ? 

\-bài thi sẽ là tiếng anh hay tiếng việt ? hỏi hơi ngu nhưng em có biết gì về SAT đâu

\-phần kiến thức em cần ôn để chuẩn bị cho bài thi được giới hạn tới đâu ?

\-khi đăng ký thi thì em sẽ thi tất cả các môn hay chỉ 1 vài môn mình chọn ?

\-em có nên thi SAT ko ? hay cứ ra trường bên mỹ rồi làm bài thi của trường đó luôn cho khỏe ? như trường MIT sẽ có 1 bài kiểm tra khác nếu em ko có điểm SAT

xin anh chị giúp đỡ ạ",0
42,Heo thì,"Là một nhân viên văn phòng, cơ thể mình ngày một ì ra.

Mình nghĩ là mình nên đi tập gym để cơ thể khỏe mạnh hơn.

Mình đi làm từ 7h sáng, và khoảng 6r mới về đến nhà. Mình có nên dùng thực phẩm chức năng trước khi tập ko hay là tập với chiếc bụng đói? Nếu dùng thực phẩm chức năng, mình nên dùng loại nào?

Mong các bạn cho ý kiến!",0
43,Chuyến du hành đến tương lai của Mặt Trời,"Chuyến du hành đến tương lai của Mặt Trời - Tác giả [Trần Hạ](https://www.facebook.com/tranha053)  


Có lẽ trong tương lai không xa, loài người sẽ phát triển được loại phương tiện hiện đại để du ngoạn giữa những tinh vân, những thiên hà xa xôi. Trên chuyến hành trình thú vị đó, chắc chắn chúng ta sẽ tình cờ gặp được những ""màn trình diễn"" ngoạn mục, đầy màu sắc và cũng không kém phần nguy hiểm tới từ những ngôi sao đang trải qua giai đoạn cuối trong cuộc đời tỏa sáng kéo dài hàng tỉ năm của mình! Những đối tượng như vậy đại diện cho một lớp vật thể kỳ lạ trong vũ trụ mà kiến thức ngày nay của con người gọi bằng cái tên ""Tinh vân hành tinh"", một trong những kịch bản khả dĩ nhất mà Mặt Trời có lẽ sẽ trải qua trong vòng 5 tỉ năm tới.  


Ở trung tâm bức ảnh là tinh vân Lõi Táo (hay còn gọi là tinh vân M27), đây là một trong những tinh vân hành tinh sáng nhất trên bầu trời đêm. Thiên thể này có thể dễ dàng nhìn thấy qua ống nhòm và là mục tiêu quan sát phổ biến với các kính thiên văn nghiệp dư ở bán cầu Bắc. Có lẽ vì độ sáng khá lớn như vậy mà nó trở thành tinh vân hành tinh đầu tiên được phát hiện bởi con người, vào năm 1764 bởi Charles Messier.  


Thực ra, khái niệm ""tinh vân hành tinh"" (planetary nebula) được sử dụng hiện nay là do sự hiểu nhầm của nhà thiên văn William Herschel vào cuối thế kỷ 18. Khi Herschel, một trong những người đầu tiên quan sát những vật thể này qua kính thiên văn, ông thấy chúng có những dạng gần tròn và mờ nhạt như các hành tinh trong hệ Mặt Trời được phóng đại lên qua kính. Thuật ngữ này tồn tại phổ biến tới ngày nay và các nhà thiên văn cũng thấy không nhất thiết phải chọn một tên gọi khác thích hợp hơn để thay thế.  


Với kiến thức hiện đại, chúng ta biết rằng tinh vân Lõi Táo được hình thành do vật chất đẩy ra từ một ngôi sao khối lượng nhỏ cho tới trung bình giống Mặt Trời trong giai đoạn cuối hành trình tiến hóa. Tại thời điểm này, vùng nhân ngôi sao đã cạn kiệt hidrogen, quá trình tổng hợp hidrogen thành helium hiệu quả hầu như chỉ diễn ra ở lớp bên ngoài khiến vỏ ngôi sao ""phồng lên"" và tăng dần kích thước. Trong khi đó, nhiệt độ và áp suất ở xung quanh lõi lại không đủ để duy trì phản ứng tổng hợp carbon thành các nguyên tố nặng hơn. Lực hấp dẫn sẽ khiến lõi co lại và nóng dần lên. Cuối giai đoạn này, nửa bên ngoài của sao sẽ bị đẩy ra không gian tạo thành tinh vân, để lại một lõi trơ chứa chủ yếu là cacbon và oxygen được nén ở trạng thái suy biến, đó chính là sao lùn trắng. Đối với tinh vân Lõi Táo, sao lùn trắng ở trung tâm có kích thước gấp 10 lần Trái Đất và khối lượng khoảng hơn một nửa Mặt Trời.  


Tinh vân Lõi Táo dường như sở hữu hình dáng giống phỏng cầu với góc nhìn từ Trái Đất của chúng ta dọc theo mặt phẳng xích đạo của nó. Phần vỏ tinh vân có dạng đối xứng cao, với nhiều nhánh chứa khí ở trạng thái plasma đậm đặc và rất nóng tỏa ra từ sao lùn trắng. Kích thước tinh vân vào khoảng 3 năm ánh sáng và có thể lớn hơn do sự mở rộng của các quầng vật chất mờ tối thoát ra môi trường liên sao. Màu sắc tinh vân cho biết thành phần các nguyên tố hóa học ở trong nó: nguyên tử oxygen bức xạ sắc xanh dương và hidrogen bức xạ sắc đỏ.  


Những quan sát của kính thiên văn vũ trụ Hubble vào năm 2001 cho thấy những cấu trúc cực kỳ nhỏ gọi là ""nút giống sao chổi"" (cometary knots) tồn tại trong lòng tinh vân Lõi Táo. Nỗi nút có thể chứa các chỏm sáng là các mặt quang ion hóa nằm phơi dưới bức xạ của sao lùn trắng và các đuôi bụi tối hơn. Tất cả đều tỏa ra xa từ sao lùn trắng theo hướng xuyên tâm. Loại trừ các đuôi, mỗi nút như thế này có kích thước lớn hơn cả khoảng cách từ Mặt Trời tới Sao Diêm Vương và khối lượng trung bình bằng ba lần Trái Đất.  


Với tốc độ giãn nở khoảng 31 km/s, nội suy chúng ta có thể ước chừng tinh vân Lõi Táo đã được hình thành cách đây khoảng 10.000 năm. Khoảng cách giữa Trái Đất và tinh vân Lõi Táo là hơn 1200 năm ánh sáng về phía chòm sao Hồ Ly.  


Bức ảnh được thu tại đài thiên văn của mình tại ngoại thành Hà Nội với tổng thời gian phơi sáng khoảng gần 22 giờ bằng kính lọc narrowband và máy ảnh chuyên dụng.

Tác giả: [Trần Hạ](https://www.facebook.com/tranha053)

Link gốc:  [https://www.facebook.com/photo.php?fbid=2811085825585053&set=pb.100000509891368.-2207520000.1570461867.&type=3&theater](https://www.facebook.com/photo.php?fbid=2811085825585053&set=pb.100000509891368.-2207520000.1570461867.&type=3&theater)

https://preview.redd.it/l12u7fla15r31.jpg?width=960&format=pjpg&auto=webp&s=740d37b2532e3cfdc2c4d61456c867eefece6c9d",0
44,Tìm một người bạn,Xin chào mọi người. Nếu có ai đó hứng thú trong việc nói chuyện với người lạ mà không phải quan tâm sẽ nói gì. Chỉ như hai người bạn nói chuyện sau một ngày dài mình rất sẵn lòng. Vì thật ra ở ngoài đời mình cũng không có nhiều bạn nên nếu ai có muốn chia sẻ gì thì thật tốt. Thanks for reading \^\^,0
45,Chỗ nào học tiếng Trung tốt nhỉ,Mình ở tphcm,0
46,Nên làm gì để tăng cân?,"Xin chào,
những bạn đã tăng cân thành công, các bạn làm thế nào vậy?
Mình đã thử nhiều cách mà không được. Mong mọi người góp ý.",0
47,Tìm bạn cũ cấp 1,"Mới thấy 1 post tương tự nên mình bắt chước. Chả là hồi lớp 3, mình có học chung lớp với 1 bạn tên là Trâm Anh (nếu mình nhớ không lầm). Hồi đó mình học trường Trưng Vương thành phố Vũng Tàu. Trâm Anh để tóc ngắn thường bị các bạn trong lớp bắt nạt trong đó có mình. 20 năm trôi qua rồi, mình thỉnh thoảng nhớ lại và cảm thấy có lỗi với bạn ấy lắm nên giờ chỉ muốn gặp lại để xin lỗi bạn ấy. Bạn nào có thông tin về Trân Anh thì cho mình thì cho mình biết nhé. Mình sinh năm 91.",0
48,Tìm lại bạn cũ,"Không biết tiêu đề có gây nhầm lẫn gì không, mà mình cũng không biết nên đặt thế nào cho thích hợp. 

Chuyện là mình có quen 1 chị bạn người Ả Rập, tên là Maria và Maria lớn hơn mình 2 tuổi. Cơ duyên quen nhau là vào năm 2015, lúc đó mình với Maria đều là fan của 1 nhóm nhạc Kpop, tình cờ gặp nhau trên mạng, sau đó add LINE và nói chuyện, dần dà từ bàn chuyện idols cho tới chuyện riêng của nhau, rồi cả 2 coi nhau như chị em luôn, thật sự là cũng khá thân, đều quý mến nhau dù cũng không phải hiểu rõ từ A đến Z, nhưng cứ dăm ba bữa lại nhắn tin, 1 đứa nhắn đứa kia bận 2 3 bữa sau mới trả lời, nhưng cứ vậy mà tiếp diễn cũng không có gián đoạn lần nào. Khoảng mấy tháng hay 1 năm sau gì đó thì mình có nói với Maria là mình không có thường dùng LINE nên cũng ít khi lên check tn được, sau đó thì Maria tạo Facebook và Messenger, rồi bọn mình lại tiếp tục nhắn tin tới bây giờ - hay đúng hơn là ngày 31/5 năm nay. 

Tin nhắn cuối cùng của Maria là bọn mình hỏi nhau về chuyện tình yêu và Maria kể về bạn gái của mình, sau đó mình cũng trả lời như bình thường nhưng không thấy Maria trả lời, mình nghĩ là chắc là Maria bận như bình thường (tại trước đó cũng có 1 lần, từ tháng 8/2018 tới tận tháng 11/2018 Maria mới rep mình, vì mới đổi điện thoại và quên tải Messenger), nên lúc đầu mình cũng không nghĩ gì nhiều. Nhưng mà 1 tháng rồi 2 tháng rồi 3 tháng, mình càng ngày càng lo. Mình lo nhiều chuyện, không biết có phải Maria gặp tai nạn gì không, hay có sự cố gì rồi, Maria theo Đạo Hồi mà mình nghe nói có hơi bất lợi với phụ nữ, hay là mình không biết tình hình chính trị ở đó có gì không ổn không, không biết Maria có sao không nữa. Nhưng mà bọn mình chỉ có thể liên hệ qua Messenger, mình không còn cách nào để tìm lại Maria hết, mình cũng chỉ có vài tấm ảnh của Maria, với lại mình có nhớ là Maria học đại học ở Qatar, còn lại mình mờ tịt.

Mình thật sự lo lắm, mình muốn biết thông tin của Maria hiện giờ nhưng không có đầu mối gì cả, có ai có ý kiến gì hay có cách nào giúp mình được không?

Cảm ơn mọi người!",0
49,"Đôi mắt cậu buồn hiu, phiêu lưu, rong chơi những ngày","Chỉ là đêm nghe lại một câu hát mà thấy buồn sâu thẳm. Đôi mắt buồn hiu, phiêu lưu rong chơi những ngày. Có lẽ là niềm vui trong quá khứ của nhiều người, và cũng là những hối tiếc triền miên của bao người khác.

Xin ước được làm mây mà bay khắp nơi giang hồ, làm câu ca dao dập dìu theo gió.

Xin được sống lại một khoảng trời buổi sáng miền Tây của đứa trẻ thức sớm, thấy những mặt trời rất lạnh. 

Một miền Tây ảm đạm, miền Tây xa xưa, mưa nhiều và khói thẳm.

Một miền Tây miên viễn rong chơi trên con đê dài tới kinh cùng, sông tận, những cây cầu lắt lẻo không tên.

Một miền Tây của cậu Hai, cậu Ba, má Năm, má Sáu và bà cóc Mù U thui thủi một mình.

Một miền Tây hoang vắng, thuở ba đèo ra chợ phong lưu, ánh đèn ngào ngạt những thòm thèm.

Có ai dân miền Tây cố quạnh không?",0
50,Mọi người tư vấn cho em việc sắp xếp thời gian với ạ,"Em năm nay học lớp 12. Môn Tiếng Anh và Toán của em cực kì kém . Em có lên lịch cho việc tự học ở nhà : 

+ Toán : chuẩn bị bài tập , Lời giải có đáp án chi tiết ,video giảng dạy , tài liệu.
+ Tiếng anh : bài tập, video giảng dạy ,......

Nhưng thật sự em không biết sắp xếp thời gian sao cho hợp lý để học ! Bình thường sáng em đi học từ 6h-> 11h30 bắt đầu về. Sau đó ăn cơm ,ngủ 20 phút rồi đi học từ 1h30 đến 5h bắt đầu ở trường  về . Sau đó nấu cơm ( vì bố mẹ em đi làm ở nhà còn mỗi 1 mình em ) , tắm ,rửa bát , giặt quần áo Tầm đến 7h30 là xong hết. 8h bắt đầu học bài nhưng bài tập trên lớp cũng khá là nhiều ( học thuộc bài ôn buổi chiều + sáng , bài tập sgk ) có hôm 10h xong , có hôm đến 11,12h mới xong . Nếu học thì em phải ngồi suy nghĩ xem hôm nay nên học toán hay tiếng anh @@   Em muốn mọi người giúp em sắp xếp thời gian ntn cho hợp lý và học hiệu quả với ạ. 
Em cảm ơn",0
51,Luyện IELTS,"Hi cả nhà, tui tính cuối năm nay thì IELTS target 7+ mà hiện nay đang sàng sàng tầm band 5.5-6. Đi đọc dạo trên FB mà thấy tỉ tỉ thầy cô, trung tâm khác nhau, không biết phải học ở đâu cho phải đạo. Tui thấy nhiều người recommend cô Phan Quỳnh, IELTS Đình Long, thầy Đạt Datio với cả the IELTS workshop. Mọi người có ai theo học các thầy cô/trung tâm này chưa, cho tui tham khảo đôi ba lời nhận xét đánh giá của mọi người nha.",0
52,Series của Dr Harper,"Sau khi xin phép Dr.Harper dịch series của ông thì ngoài gắn link đến trang web của ông cũng như link bài dịch gốc, thì ông có đề xuất mình đăng lên reddit để cộng đồng được biết. Vậy theo gợi ý của ông mình đăng lên sub này các đường link của bài dịch nha.

Link Website: https://drharpertherapy.com

Phần 1: Hồ sơ kẻ nổ súng:

Bệnh nhân #107

P1: [https://www.facebook.com/RDVNReborn/photos/a.1774478915984924/2071003139665832/?type=3&theater](https://www.facebook.com/RDVNReborn/photos/a.1774478915984924/2071003139665832/?type=3&theater)

Link Reddit: https://redd.it/a57yr5

P2: [https://www.facebook.com/RDVNReborn/photos/a.1774478915984924/2071005006332312/?type=3&theater](https://www.facebook.com/RDVNReborn/photos/a.1774478915984924/2071005006332312/?type=3&theater)

Link Reddit: https://redd.it/a5kt33

P3: [https://www.facebook.com/RDVNReborn/photos/a.1774478915984924/2071009262998553/?type=3&theater](https://www.facebook.com/RDVNReborn/photos/a.1774478915984924/2071009262998553/?type=3&theater)

Link Reddit: https://redd.it/a5wria",0
53,Anh / Chị nào giúp em sửa lỗi ngữ pháp tiếng anh với ạ.,"Gần đây bọn em có nhận được 1 bài tập là phải viết kịch bản, đóng kịch bằng tiếng anh . 

Chủ đề : Văn Hoá Các Quốc Gia.

Bài này của bọn em sẽ tính điểm hệ số 2. Do team bọn em không ai tốt tiếng anh nên bọn em dùng google dịch , khi đọc thì bọn em thấy câu từ khá lủng củng , em không biết sửa như nào cho đúng nên em đăng bài nhờ bọn người giúp bọn em với ạ . Em cảm ơn rất nhiều


M: As we all know, each country has its own characteristics.  Even countries located next to each other, or having the same origin, have unique and unique cultural traits.  Except for the things most people know because it's so popular that Indians don't eat beef, there are some great things we've never heard of.  So we invited a group of people from different countries to see if there was anything interesting about their country's culture.
 
Hello everyone, today I invite you to answer some questions with the theme of ""cultural diversity in your home country"" so are you ready to answer the question?


B:
Yes we are ready


M: So first, can you please introduce your name, age and home town?


T:
Hello everyone, my name is.  .  .  .  .  I am 17 years old and I am from Saudi Arabia

M: and you
Va:Hello my Name Is.  I am 17 years old and I am from singapore

M: and you
T:Hello everyone, my name is This year I am 17 years old, my hometown is in Germany and now I live with my parents in Vietnam

M: and you

C: Hello everyone, my name is This year I am 17 years old and I'm from Holland

M: After the introduction, we will begin to ask the main question today
*As you all know, each country has a unique and unique culture.  Except for the things most people know because it's so popular.  But there are some great things we've never heard of.  So I want you to share this with everyone to learn more about the culture of your country
*Could you please tell me something interesting about your country's culture?
T :Ok
I am a saudi Arab so I can say that this is the most unequal nation in the Middle East.  Until June 2018, the law that allowed women to drive with their guardians by their side took effect in Saudi Arabia.  And before?  Never touching women's wheels until June 2018, the law that allows women to drive with their guardians next to them takes effect in Saudi Arabia.  And before?  Never let the weak touch the steering wheel!

M: and you
VA:Personally, I think we Singaporeans have a habit of booking places with a tissue box.  Therefore, when you go to a restaurant, you always have to pay attention to see if there is any box of tissue paper put there in advance or not, because surely someone will come and tell you are taking their place!


M: and you
T:
When traveling through other countries, I find that Germany is the only country on earth that you can drive 250km / h but still be surpassed by another car.  Traveling at 250km / h is punished by the police for being too fast?  No, they just wonder why you are driving so slowly!

M: and you
C:
Netherlands is a very pure country.  Here, the number of bicycles is more than the number of people living.
So I think this is a beauty of our Dutch culture.

MThrough the recent information, we see that the cultures of the countries in the world are interesting, aren't they
And now (all) hello and see you again",0
54,Mình nên làm gì đây?,"Mọi người nghĩ sao khi tự dưng đang yên đang lành lại cảm thấy buồn chán rồi lại ngồi khóc một mình?

Đây cũng không phải lần đầu, nhưng mình mong nó sẽ là lần cuối, vì mình đang rất sợ cái cảm giác đó. Mình thường hay nghĩ đến bản thân mình, nghĩ rằng mình luôn tách biệt so với mọi người và sẽ luôn như vậy. Cái suy nghĩ đó ám ảnh mình cũng đã lâu rồi, nhưng gần đây mình bắt đầu thấy càng ngày càng tệ dần đi. Mình không thể tập trung vào công việc thường ngày được nữa mà lúc nào cũng ỉu xìu, mệt mỏi, chỉ muốn nằm yên trên giường cả ngày chứ chả muốn làm gì cả.

Rồi đến đêm hôm qua, khi mình đang nằm nghỉ thì bắt đầu thở dốc rất nhiều. Sau đó mình lại gục xuống khóc nức lên như thể có người vừa mất vậy. Mình chưa kể với ai chuyện này cả, cũng vì bản thân là đàn ông con trai nên mấy chuyện như này thường khó nói mà. Có lẽ cái nơi toàn người lạ này sẽ khiến mình thấy dễ dàng hơn là nói chuyện trực tiếp với người thân.",0
55,"agriculture vietnam: hey people, question do you have any single-axle electric tractors for your swamp fields? Bạn có bất kỳ máy kéo hai trục điện cho các lĩnh vực đầm lầy của bạn? do they have a cvt? How is the power adapted to load in difficult terrain?","nông nghiệp Việt Nam: hey mọi người, câu hỏi bạn có máy kéo điện một trục cho các lĩnh vực đầm lầy của bạn không? họ có cvt không? Làm thế nào là sức mạnh thích ứng để tải trong địa hình khó khăn?",0
56,Khi đạo sĩ gặp rối loạn tâm lý,"Chào các bạn. Đây là bài viết về mối quan hệ giữa một rối loạn tâm lý cực kỳ khó chữa (rối loạn nhân cách tâm trạng không ổn định) và Đạo gia, một trường phái triết học phổ biến ở Việt Nam và các nước dùng đồng văn. Đây là hai phần mình thích nhất, mời các bạn đọc.

# 1
**Nỗi sợ là một thứ có sức mạnh ghê gớm.** Việc ngồi đây mà nói là họ phải tự vượt qua này nọ là chưa hiểu được cảm xúc của họ. Vì là người thông minh, nên họ thừa biết những biện minh họ đưa ra chỉ là triết lý suông. Bảo rằng họ không có ý định muốn thoát khỏi nó là một sự thiếu tôn trọng họ. Nếu có thể đảm bảo chắc chắn là họ sẽ cắt đứt được nỗi sợ, thì họ nhất định sẽ làm.

Nhưng chính vì nỗi sợ có sức mạnh ghê gớm, nên **nó sẽ chi phối toàn bộ quan điểm sống của họ.** Họ là những người không bao giờ bỏ cuộc, nhưng thế giới quan của họ đã được điều chỉnh cho phù hợp với nỗi sợ đó rồi. Họ rất muốn hết sợ, nhưng nếu không ai giải thích thuyết phục được tại sao thế giới quan đó lại sai, thì họ cũng không biết tại sao phải từ bỏ chúng cả.

Rắc rối là Đạo gia, với tư cách là một trường phái triết học cổ vũ sự trung dung, không có gì là đúng không có gì là sai, sẽ rất dễ bị uốn bởi những quan điểm cố định (fixated) như thế. Đạo gia, từ chỗ là nơi để nhận ra rằng chẳng có gì trên đời là đáng sợ cả, lại rất hợp để dung những nỗi sợ đó. Nếu ai đó muốn giúp họ hết sợ, người đó phải cho họ thấy những quan niệm đó là để kéo dài nỗi sợ, chứ không phải để hòa mình với Đạo.

Lý do nó dễ bị uốn là vì cách tư duy của Đạo gia là cách tư duy dựa trên **sự biến đổi nghĩa của từ**. Chính vì khả năng biến đổi nghĩa của từ mà nó có thể chỉ ra khi nào tốt hóa thành xấu, và xấu hóa thành tốt. **Nhưng nghĩa của từ chỉ biến đổi khi và chỉ khi có một điều kiện cụ thể nào đó.** Vấn đề là, sau quá trình đảo nghĩa đó, quá trình chú ý và trí nhớ ngắn hạn bước vào, làm cái điều kiện cụ thể đáng lẽ phải có đó bị mờ đi, **trả lại nghĩa của chúng về vị trí cũ**. Nếu ai không hiểu được cơ chế này, thì sẽ còn nhầm lẫn trong việc thực hành Đạo gia.

# 2
Tôi nghĩ, về lý thuyết, Đạo gia là một tư tưởng triết học rất tốt để không còn sợ hãi, nhưng trên thực tế nó lại rất tốt để dung dưỡng sự sợ hãi. Nó tạo thêm gánh nặng cho những ai muốn cam kết với nhau. Những người xây dựng nó có lẽ đã đinh ninh rằng những ai theo nó đều là những người ổn định về mặt tâm lý sẵn rồi. Những nỗi sợ được miêu tả trong Đạo Đức Kinh và Nam Hoa Kinh là những nỗi sợ không quá nghiêm trọng. 

Tôi nghĩ, với những ai đang còn ngập trong sợ hãi, hoặc đang giúp đỡ người đang sợ hãi, thì họ nên một lần dứt khoát vứt bỏ Đạo gia sang một bên, và chuyên tâm vào chuyện chữa lành. Họ rất dễ bị nhầm lẫn, và sẽ thế nào cũng sẽ nhầm lẫn. Sau khi hết sợ rồi thì có thể quay lại cũng được.

Hoặc có thể nói theo hướng khác: Đạo không chấp nhận chuyện người theo nó còn sợ hãi. Khi phát hiện bản thân đang sợ, Đạo yêu cầu họ lập tức nhìn thẳng vào nỗi sợ. Vì có dám đối diện với nó thì mới thấy nó hóa ra chẳng đáng sợ tí nào. Ai còn chần chừ, còn tránh né, là vẫn còn quanh quẩn ở tiểu trí, chưa phải là đại trí. Mọi suy nghĩ, hành động của họ đều không phải vô vi, dù nó trông như vậy tới đâu đi nữa. Đạo sẽ không đến gặp họ, dù họ có hiểu nó đến bao nhiêu. 

#[Đọc toàn bài →](http://xn--qucu-hr5aza.cc/khi-dao-si-gap-roi-loan-tam-ly/?utm_source=R%3A%20RedditVN&utm_medium=B%C3%B4ng%20hoa%20ch%E1%BA%BFt&utm_campaign=t%C3%A2m%20l%C3%BD%20h%E1%BB%8Dc%2C%20Ph%E1%BA%ADt%20-%20L%C3%A3o)",0
57,đêm và bình minh,"nửa đêm,

đèn đường lấp nhấp phố thị xa

mắt ướt cánh mi dậy hoàng hà

tay bấu chặt tay tình ngã ngốn

cắn giọt môi em chua ngoét cồn

hôn em hôn em hôn lần nữa 

da ghì chặt da

ngợp trùng khơi

nhiễu đoạn không gian

hồn thổn thức

hoang lạc đêm nay giết một đời

&#x200B;

bình minh, 

đôi tim nằm cạnh còn đương mỏi

hết giấc si mê, tình lặng câm

sao anh dậy sớm, đi đâu thế? 

tình chỉ một đêm, chắc hiểu lầm 

tim chảy hừng đông, tan mộng mị 

vầng sao lạnh buốt, lại ngỡ ngàng 

tình yêu thời đại tôi không hiểu

cứu với giúp tôi áng xuân tàn 

&#x200B;

Lữu Xì",0
58,tủi.,"tủi 

canh vắng đêm sâu rộng thùng thình 

mải miết tương tư chuyện bình sinh 

bình sinh vô diện tìm nhức mắt 

thái âm trực chiếu vẫn tắt hình 

&#x200B;

hôm nay em mệt với cuộc đời 

miên mãi tháng ngày vẫn chơi vơi 

sống tiếp làm gì còn đương nghĩ 

cố quá quá cố lại tơi bời 

&#x200B;

xa anh tủi thân nằm thút thít 

thẹn thùng nức nở chẳng ai nghe 

thân gái một mình, thiên hạ loạn 

xứ sở chẳng thương bỏ quên mình 

&#x200B;

lữu xì

thấy mấy bạn trên này hay post thơ, nên mình cũng giao lưu chút hihi",0
59,"Tôi vô tình trong lúc quẹt tinder thì thấy có một cô nàng có vẻ hot để lại zalo trên bio, tôi add và bắt đầu trò chuyện với cô ấy, mọi chuyện cũng suông sẻ không vấn đề gì, tôi và cô ấy nói chuyện cũng rất vui, nhưng đến khi lên tìm thử fb cô ấy thì lại biết rằng hơn tôi 2 tuổi","Các ông nghĩ có nên tiếp tục không, mặc dù đang nói chuyện vui bình thường, vẫn gọi anh-em nhưng tự dưng biết được hơn tuổi mình thấy có vẻ không ổn thế nào ấy, gọi em với một người lớn tuổi mặc dù chỉ là hai người tình cờ gặp nhau trên mạng thôi
Edit: tôi ngưng nói chuyện với cô ấy rồi, bị ghosted, tự dưng không nói chuyện nữa mặc dù không biết lý do là gì",0
60,"Xin chào buổi tối các ace cô bác, cho tôi hỏi liệu có ai nghe hóng hay biết gì về tinh hào biển OB không cho xin tí info ạ?",Thấy review gì cũng tốt hết nên tôi muốn hỏi :)) cám ơn ace cô bác,0
61,3N,Cho em hỏi là thử thách No Nut November có áp dụng lên co gái không?,0
62,"Một đồng lúa mạch, cỏ tơ hơ","
Mặt trời bé con, những dỗi hờn

Bốn mươi lần lặn, hai lần thở

Một lần ngã quỵ giữa bâng quơ

Trên những hồng hoa, anh ngự trị

Những vì tinh tú, có những gì?

Con cáo, chùm nho và quán rượu

Một đồng lúa mạch, cỏ tơ hơ",0
63,Cần tip chăm sóc da mặt,"Xin chào mọi người, e là nam 17 tuổi, da dầu, dạo gần đây e hay bị nổi mụn liên tục, trước giờ e chỉ xài mỗi sửa rữa mặt oxy nhưng dạo gần đây có cảm giác ko ổn. Vậy e nên làm những gì/ mua những gì để chăm sóc da mặt ạ",0
64,"Những anh chị thi đh dc 24 điểm trở lên khối A1, cho em xin cách học và chiến lược được không ạ?","Mục tiêu của em là 25 điểm để vào trường Khoa học tự nhiên. Về mục đích lý do thì em có tới tận 5 lý do ạ, nên nếu không đậu thì em không biết phải về trường nào tương lai sẽ như thế nào luôn nên em càng lo hơn. Em sức học khá, những bài vận dụng bình thường em làm ngon ăn nhưng đụng tới vd cao thì em ko làm dc bài nào cả. Theo ma trận đề thì vdc chiếm tầm 1.8 điểm, nên em nghĩ em chỉ cần học lý thuyết và làm những bài vận dụng thật chắc cộng với đánh lụi thì chắc cũng dc 8 điểm. Nhưng hôm trước thầy cho cả lớp làm thử 1 đề (của chương 1 2 chứ ko phải kiến thức cả năm), bảo là đề này dễ hơn đh và em dc có 6 điểm. Em không biết thầy đang dọa hay nói thật nhưng em càng lo hơn. Em nên học như thế nào ạ?",0
65,Du học Châu Âu,"Năm nay em 12, đã có ý định du học Đức một thời gian rồi nhưng bố mẹ vì lí do chi phí nên không ủng hộ. Theo em tìm hiểu thì chi phí du học Đức là khá 'rẻ' rồi, tầm khoảng 250-350tr, nhưng em muốn hỏi là còn nước nào thuộc EU có mức đi du học đại học rẻ hơn vậy nữa không ạ? Em thật sự muốn đi lắm nhưng theo bố mẹ thì bố mẹ không muốn 'hoang phí' một khoảng tiền lớn như vậy vào em, nên em muốn giảm thiểu hết mức tiền xin của bố mẹ, có thể tự bù bao nhiêu thì bù, chỉ cần giải quyết khoảng chi phí để đi là được, sau đó em sẽ tự làm thêm, tiết kiệm để tự trang trải ạ. Em thật sự muốn đi lắm ạ.

Edit: Em cảm ơn anh/chị đã trả lời ạ, em sẽ tìm hiểu từng nước rồi cố gắng nói lại với bố mẹ ạ!",0
66,Bàn luận chút xíu về Dân Chủ ...,"Mọi người có thể chi mình xin chút ý kiến và góc nhìn về 2 cuộc biểu tình đang diễn ra khá hot không ạh . 1 là biểu tình ở Hk ( lí do , luật dẫn độ giữa Hk và Trung Quốc )  . 2 biểu tình tại Indo ( lí do , luật cấm quan hệ trước hôn nhân và cấm ngoại tình , kể cả người nước ngoài tới Indo ) .",0
67,Có dấu hiệu lạ ở ciu mà ngại đi khám biết phải làm sao?,"Không đi khám thì mầm bệnh ngày càng phát triển, nhưng đi khám thì ngại. Biết làm sao đây mọi người?",0
68,thắc mắc một chút về âm nhạc,"chào mọi người,

dạo này t khá ghiền mấy bài như Lover Boy, Long gone của Phum Viphurit, Ôi tình yêu thật điêu của Lena và muốn biết xem những bài đó là nhạc thể loại gì nên có search gg mà search hoài ko ra  genre nhạc đó là genre j. Vậy nên bạn nào trên đây biết về âm nhạc có thể trả lời giúp t được ko? Funk? Upbeat Funk? Indie Funk? Và nếu có thể thì rcm cho t một vài ca sĩ hát nhạc này được ko :D

Tks <3",0
69,Kinh nghiệm của mọi người khi đọc sách viết bằng tiếng Anh ?,"Chào mọi ngừi, mình đọc reddit cũng quen rồi, vừa đọc vừa tra gg dịch liên tục :D. Gần đây mình có vài cuốn sách ngoại, đọc theo cách lướt reddit thì hơi dễ mất hứng. 
Vậy nên mình muốn hỏi mng đã đọc sách viết bằng tiếng Anh bằng cách nào mà mng cho là hiệu quả nhất vậy :33 nếu đọc mà cũng học englich được thì tốt quá :D vì mình nghe là đọc sách englich để học tiếng anh thì hơi khó.",0
70,Chiều một mình qua phố,"Và chỉ còn mùa hạ phê pha trên những toà nhà lận đận, cuộc sống chỉ còn là những số phận gọi tên nhau trong hẻm tối không màu. Mai kia đâu đấy còn có tiếng người vọng nhiều trong hẻm, ới á một giọng khều khàu của cơn khát thuốc buổi chiều. Con mèo xưa cũng ngừng kêu trên mái. Con người xưa cũng ngừng đi trên đại lộ.

Từ những con hẻm muôn lối, những đại lộ bình minh vẫy gọi, thật tuyệt làm sao khi chẳng thấy bóng một người. Khoảnh khắc ấy như một bầu không khí dễ chịu, dập dìu lơ mơ những tiếng nhạc từ chiếc đài. 

Một buổi chiều thật lạ, nhưng lại quen như bao buổi chiều khác, buổi chiều nơi con người ta đánh đố nhau qua những bàn cờ, suy tính nhưng không suy tư.

Một buổi chiều hồn nhiên như bọn trẻ nhảy ô, bắn những viên bi vào tròng mắt nhỏ, nay thiếu năm ngàn, ngày mai hai chục.

Một cụ già sờ bàn tay nhăn nheo để miết theo những nếp gấp thời gian.",0
71,Cái thật và cái siêu thật,"Tui không thường đăng bài, nhưng hôm nay khá chán và lượng đường trong máu tui cao vừa đủ để cảm thấy khó chịu khi ngồi không, nên mấy bạn đang đọc bài này.

Chỉ là một suy nghĩ bâng quơ của tui dạo này thôi, nhưng mà có ai cảm thấy rằng, thế giới đang trở nên ""thật hơn"" chưa? Tui nảy ra ý này khi đi qua Circle K và thấy đoạn video clip quảng cáo của nó. Trong quảng cáo, khách hàng đi vào cửa hàng, nhân viên niềm nở cuối chào và tươi cười. Thì y chang vậy, tui bước vào trong cửa hàng, nhân viên cũng chào tươi cười và tự dưng như theo lệnh đạo diễn tui cũng cười. Tui nảy ra ý rằng, phải chăng video kia là quay lại sự thật, hay sự thật mới bắt chước video?

Giả sử có hai bức tranh, một bức thật của họa sĩ, và một bức sao chép của máy tính. Tuy nhiên bức sao chép làm đẹp tới mức, ngay cả họa sĩ cũng không thể nhận ra. Có thể nói bức tranh giả lúc đó có giá trị hơn cả bức tranh gốc, do trong quá trình bắc chước sự thật, nó đã thật hơn cả sự thật. Giờ thử tưởng tượng quá trình tương tự, nhưng lần này không có bức tranh thật, mà máy tính vẽ một bức hoàn toàn mới, dĩ nhiên là ở mức họa sĩ cũng lầm tưởng là mình đã vẽ bức tranh này. Nếu trong trường hợp một ta vẫn có thể nói là cái giả tồn tại sau cái thật, trong trường hợp hai cái giả đã trở thành cái thật. Và nếu bản thân người tác giả kia vẽ một bức tranh lấy ý tưởng từ bức tranh của máy tính, bức tranh đó sẽ trở thành siêu thật, một thứ tồn tại ngoài sự thật, nhưng thật hơn cả sự thật.

&#x200B;

Hơi lan man chút nhưng giờ trở lại dòng suy nghĩ chính. Tui nghĩ rằng nhân loại nói chung có một cái gì đó thiếu tự nhiên, như một bức tranh sao chép mà không có bản gốc. Những gì mà tui coi là cá nhân: suy nghĩ, cảm xúc,  . . . cho tới những gì ở mức vĩ mô hơn, như tập quán xã hội, giai cấp, vai vế, . . . trong một xã hội mà mọi thứ đều được ghi nhận trên thế giới ảo, thì đâu là cái thật, đâu là cái siêu thật.

p/s: fuck đại học",0
72,Nếu tử thần tí hon có một đôi cánh,"
Nếu những tử thần tí hon có một đôi cánh, chắc chắn nó sẽ được làm từ 444 chiếc cánh của những chú côn trùng bé nhỏ. Nó sẽ trong suốt và lóng lánh như hai dòng thác bạc nhỏ, từng chiếc, từng chiếc cánh một sẽ được đặt xếp lên nhau một cách thật tài tình và khéo léo đến đỗi người ta sẽ tưởng nó là một mảnh cầu vồng lấp lánh được tạc hình đôi cánh chim.

...

""Ôi chuồn chuồn già ơi là chuồn chuồn già! Thời gian đã đến rồi, đôi cánh đó cũng có mang theo được nữa đâu?"" Chú chuồn chuồn già đang cố bám trên một nhành cây khô cháy, dưới cái nắng yếu ớt của buổi chiều tà, chú làu bàu một cái gì đấy. Có lẽ về niềm kiêu hãnh của chú, hay là gió hôm nay cao quá, trời hôm nay lặng quá, chẳng ai hiểu được, hoặc có lẽ chú còn muốn bay. Thân hình chú giờ đã già nua, héo úa và xơ xác như bốn chiếc cánh nhỏ của chú vậy, chẳng còn lóng lánh như ánh mai mỗi bận chú rung nhẹ niềm kiêu hãnh đó nữa, giờ chỉ còn lại những vệt cầu vồng loang lổ khắp không gian. ""Thôi nào, chú không muốn đôi cánh đó tiếp tục được vùng vẫy trên nền trời xanh, đượm thẫm mùi hoa cỏ sao? Để về sau họ còn biết rằng từng có một chú chuồn chuồn đẹp đẽ nhường đó? Đôi cánh của chú sẽ giúp ích rất rất nhiều cho tôi mà chú biết không?""

Chú ta lại làu bàu một cái gì đó, chẳng ai hiểu được. Có lẽ chú còn muốn bay.

""Ôi những chú chuồn chuồn già lúc nào chúng cũng kiêu hãnh thế!""

Mấy bé chuồn chuồn kim nháo nhác bay xung quanh ""ông ấy lúc nào cũng như vậy, lúc nào cũng như vậy"" tử thần bé nhỏ khẽ thở dài ""đôi khi những chú chuồn chuồn già còn ương ngạnh hơn cả đám khổng lồ đi bằng hai chân ấy"" đám chuồn chuồn kim lại nháo nhác hỏi ngu ngơ ""nhưng họ đâu có bay được như chúng tôi phải không? Như chúng tôi phải không?"" Ừ ""Chẳng có đôi cánh nào của mẹ nâng nổi tham vọng của họ cả, nhưng họ có ước mơ và ý chí để bay đó. Mà hai thứ đó thì chà chà giá mà tớ có một chút ít thứ đó nhỉ?"" Rồi tử thần nhỏ trầm ngâm hồi lâu, chú ta cũng muốn được bay vậy. Đám chuồn chuồn kim tinh nghịch rồi cũng hết trò nghịch ngợm, chúng cùng chùng dần những đôi cánh nhỏ và đậu khắp chung quanh.

Tất cả cùng im lặng chờ đợi, đợi nàng đêm. Chỉ có tử thần nhỏ bé là vẫn trầm ngâm với những suy nghĩ bé nhỏ của mình, những suy nghĩ thấm màu hoàng hôn.

Thế rồi nàng đêm cũng đến, nàng ngân lên khúc hát du tĩnh lặng. Mang đi cái oi ả của một ngày hè và mang đi những kẻ đã tận số. Còn đôi cánh, niềm kiêu hãnh của chú chuồn chuồn già cũng sẽ cùng chú bay về với nàng, đó là lựa chọn của chú, chẳng ai có thể thay đổi cả. Còn tử thần tí hon kia thì lại khác, chú ta cất hết những dụng cụ kì quặc của chú, những dụng cụ kì diệu có thể lấy lại sự lộng lẫy cho những đôi cánh, và trao nó lần cuối cho chú chuồn chuồn già hay làu bàu đó. ""Ôi giá mà mình cũng có một đôi cánh để bay lần cuối như thế nhỉ? Tử thần tí hon lại thở dài trong lúc ngồi đánh bóng cho 440 chiếc cánh nhỏ lấp lánh như một dải thác bạc của chú ta. 

Truyện chưa hoàn thiện lắm nhưng tui chỉ muốn được chia sẻ và góp ý thêm ạ :v",0
73,tôi bị cấm làm thẻ tín dụng 3 năm,"chào các ông. tình hình là trước t có làm cái thẻ tín dụng và bị nợ xấu mấy trăm K. bh bị cấm 3 năm rồi. 

cmt tôi là cmt cũ. bh đi làm chuyển sang thành thẻ căn cước thì có ra ngân hàng làm thẻ tín dụng đc ko .",0
74,Vết loét,"T khá lo nên đăng bài ngay sau khi phát hiện vấn đề này. Vài phút trc mình cảm thấy xót ở chỗ giữa bộ phận sinh dục và hậu môn (I'm a dude btw don't get hard after hear it), chỗ đấy ko nhìn đc nên t phải lấy cam ra chụp thì thấy chỗ đấy bị loét (?) rồi còn có vài cái lỗ lỗ như là mấy cái ảnh trypophobia á. T bị gì vậy mọi người?",0
75,Con người cần những nhịp thở,"Con người là cỏ cây bên vệ đường, chờ một cơn gió lung lay. Hôm nay ta ngã về con đường vàng bạc, đêm mơ về những dự tính của một sự nghiệp huy hoàng. Hay mai kia, ta ngã về phía bờ biển lay lất để hưởng sự bình yên. Nhưng hơn hết giữa khoảng thay đổi đó, ta cần những nhịp thở.

Nhịp thở của người tình trong đêm nằm cạnh, nhịp thở mồ hôi nhễ nhại trên công trường, nhịp thở ta thấy được của một thở dài bên đời hiu quạnh. Thở là để sống, để đong đếm thời gian rơi lặng từng hồi. Nhưng ta không thở mãi, rồi phải đến ngày nhắm mắt xuôi tay.

Ta hồng hộc chạy theo cánh chuồn chuồn khi xưa thì giờ ta lại hồng hộc chạy theo cách để kiểm soát con đường bay của mình. Những địa điểm ta phải bay qua, cửa nhà, đồ đạc, con cái, mẹ cha. Ta vừa thở, vừa khóc, vừa cười qua những cơn dâu biển.

Một cuộc đời ta thở, có lẽ chỉ những phút nín hơi mới cho ta những khoảng nhẹ lòng.",0
76,Nhờ tư vấn mua đàn guitar,"Mình mới tập chơi guitar được 3 tháng, chơi vì vui là chính thôi, mình tập cả đệm hát và solo. Đàn mình tập hàng ngày là của bạn cùng phòng. 

Gần đây vì 1 vài lý do không mượn được đàn nữa, mình muốn mua một cây guitar accoustic. Có bạn nào đang chơi đàn có thể recommended cho mình 1 cây tầm 5-6tr mà bạn thấy ưng ý không ạ? Mình prefer đàn Việt vì tầm giá ấy mua mấy cây của Tanglewood hay Takamine theo mình không tốt bằng. 

Ngoài ra mình tập một mình chứ không biểu diễn nên cũng không quan trọng EQ, thật ra mình không muốn có EQ. 

Mình cám ơn!",0
77,Cần_tư_vấn_ạ,"Xin lỗi vì cái tiêu đề, reddit bị lỗi không nhấn dấu cách được. 
Xin chào, em là Luân, 13 tuổi, cái tuổi đang dậy thì. Em là một hs khá giỏi trong lớp, nhưng có một điều là không giỏi thể dục lắm. Em dậy thì từ năm ngoái, và như là kể từ đó em trở thành một trong những thằng còi nhất lớp - 1m56 mà chỉ có 45kg. Em ăn cũng không ít, nhưng chẳng tăng cân đc. Mấy anh chị từng trải qua tuổi dậy thì rồi chắc sẽ có kinh nghiệm, vậy em ốm như vậy là có phải do pt chiều cao ko? Cơ của em không pt lắm, nhất là ở tay, vậy có cách nào để rèn luyện cho cơ ko? Em có chạy bộ vào sáng sớm nhưng không thường xuyên do tối thức khuya học bài.
Cảm ơn!
Edit: Đính chính lại ạ, ở đây 1m56 cũng là hàng tb của lớp rồi, mà ở đây chỉ nặng có 45kg",0
78,nhờ tư vấn để viết kịch bản,mình đang trong một dự án để vt một bô phim kinh dị trinh thám cần tìm những bộ phim kiểu về để tài mất tích học đường,0
79,Chào mọi người. Em là 1 học sinh lớp 12 đang có dự định đi du học Mĩ ạ. Em có 1 số câu hỏi như sau:,"&#x200B;

1. Hiện tại em mới có điểm TOEFL và cuối năm mới thi SAT, hoạt động ngoại khóa chưa nổi bật lắm, chưa có essay với cả thư giới thiệu thì liệu em có hoàn thành hết từ giờ đến cuối năm để apply cho mùa học năm sau hay nên dành 1 năm nữa để hoàn thiện hồ sơ ạ?
2. Thư giới thiệu là do mình xin giáo viên viết cho hay như nào ạ?
3. Có thể hoàn toàn tự viết essay được không ạ do hiện tại em không biết bắt đầu từ đâu cả.
4. Em muốn học Artificial Intelligence làm major thì có ai gợi ý cho em được trường nào tốt và học phí vừa phải không ạ?
5. Muốn học A.I. thì có cần GPA ở Việt Nam phải tốt quá không ạ?

Cảm ơn mọi người nhiều.",0
